時間,総数,closed,merged,draft,open
2021-12-14T20:06:20Z,1,0,1,0,0
2021-12-17T06:53:25Z,2,0,2,0,0
2021-12-20T00:32:46Z,3,0,3,0,0
2021-12-20T01:19:35Z,4,0,4,0,0
2021-12-20T02:20:41Z,5,0,5,0,0
2021-12-27T16:04:40Z,6,0,6,0,0
2021-12-29T13:57:31Z,7,0,7,0,0
2021-12-29T14:42:10Z,8,0,8,0,0
2022-01-01T06:30:39Z,9,0,9,0,0
2022-01-01T14:31:33Z,10,0,10,0,0
2022-01-02T13:01:02Z,11,0,11,0,0
2022-01-02T13:45:39Z,12,0,12,0,0
2022-01-02T17:35:23Z,13,0,13,0,0
2022-01-03T09:11:02Z,14,0,14,0,0
2022-01-03T15:04:05Z,15,0,15,0,0
2022-01-03T22:01:53Z,16,0,16,0,0
2022-01-03T22:43:41Z,17,0,17,0,0
2022-01-05T09:40:50Z,18,0,18,0,0
2022-01-05T13:28:47Z,19,0,19,0,0
2022-01-05T18:22:07Z,20,0,20,0,0
2022-01-05T20:10:18Z,21,0,21,0,0
2022-01-06T05:59:05Z,22,0,22,0,0
2022-01-07T01:59:30Z,23,0,23,0,0
2022-01-07T08:18:10Z,24,0,24,0,0
2022-01-08T04:32:26Z,25,0,25,0,0
2022-01-08T04:45:53Z,26,0,26,0,0
2022-01-08T20:30:43Z,27,0,27,0,0
2022-01-08T21:04:12Z,28,0,28,0,0
2022-01-08T21:51:45Z,29,0,29,0,0
2022-01-09T12:09:26Z,30,0,30,0,0
2022-01-09T12:46:03Z,31,0,31,0,0
2022-01-09T15:02:50Z,32,0,32,0,0
2022-01-10T02:25:56Z,33,0,33,0,0
2022-01-10T14:29:11Z,34,0,34,0,0
2022-01-11T13:07:45Z,35,0,35,0,0
2022-01-12T00:16:52Z,36,0,36,0,0
2022-01-12T14:16:30Z,37,0,37,0,0
2022-01-12T17:25:13Z,38,0,38,0,0
2022-01-12T18:45:08Z,39,0,39,0,0
2022-01-16T12:33:50Z,40,0,40,0,0
2022-01-16T12:51:46Z,41,0,41,0,0
2022-01-18T16:32:48Z,42,0,42,0,0
2022-01-18T16:43:24Z,43,0,43,0,0
2022-01-19T00:32:33Z,44,0,44,0,0
2022-01-19T09:21:23Z,45,0,45,0,0
2022-01-19T12:27:19Z,46,0,46,0,0
2022-01-20T14:11:24Z,47,0,47,0,0
2022-01-21T04:48:14Z,48,0,48,0,0
2022-01-21T12:59:35Z,49,0,49,0,0
2022-01-21T13:33:02Z,50,0,50,0,0
2022-01-24T14:41:26Z,51,0,51,0,0
2022-01-25T01:42:58Z,52,0,52,0,0
2022-01-26T12:42:47Z,53,0,53,0,0
2022-01-26T13:10:17Z,54,0,54,0,0
2022-01-26T23:56:37Z,55,1,54,0,0
2022-01-27T00:08:08Z,56,1,55,0,0
2022-01-27T00:41:15Z,57,1,56,0,0
2022-01-27T00:48:59Z,58,1,57,0,0
2022-01-28T03:26:24Z,59,1,58,0,0
2022-01-29T00:27:08Z,60,1,59,0,0
2022-01-29T01:29:54Z,61,1,60,0,0
2022-01-30T02:30:35Z,62,1,61,0,0
2022-01-30T08:41:20Z,63,1,62,0,0
2022-01-30T08:56:30Z,64,1,63,0,0
2022-01-31T21:00:51Z,65,1,64,0,0
2022-01-31T21:50:04Z,66,1,65,0,0
2022-02-01T10:17:35Z,67,1,66,0,0
2022-02-01T23:38:26Z,68,1,67,0,0
2022-02-02T00:29:48Z,69,1,68,0,0
2022-02-02T08:52:20Z,70,1,69,0,0
2022-02-02T22:50:43Z,71,1,70,0,0
2022-02-03T13:10:32Z,72,1,71,0,0
2022-02-03T21:29:57Z,73,1,72,0,0
2022-02-03T23:00:23Z,74,1,73,0,0
2022-02-04T14:35:40Z,75,1,74,0,0
2022-02-04T15:27:31Z,76,1,75,0,0
2022-02-05T13:00:15Z,77,2,75,0,0
2022-02-05T13:20:26Z,78,2,76,0,0
2022-02-05T14:29:54Z,79,2,77,0,0
2022-02-07T07:16:02Z,80,2,78,0,0
2022-02-07T20:52:55Z,81,2,79,0,0
2022-02-08T13:58:20Z,82,2,80,0,0
2022-02-09T13:50:51Z,83,2,81,0,0
2022-02-09T14:09:20Z,84,2,82,0,0
2022-02-10T00:57:53Z,85,2,83,0,0
2022-02-12T05:44:35Z,86,2,84,0,0
2022-02-14T03:31:06Z,87,2,85,0,0
2022-02-15T07:51:10Z,88,2,86,0,0
2022-02-15T23:10:04Z,89,2,87,0,0
2022-02-16T01:49:43Z,90,2,88,0,0
2022-02-17T12:13:00Z,91,2,89,0,0
2022-02-17T12:41:34Z,92,2,90,0,0
2022-02-17T23:27:02Z,93,2,91,0,0
2022-02-20T05:47:32Z,94,2,92,0,0
2022-02-20T10:59:42Z,95,2,93,0,0
2022-02-20T13:40:59Z,96,2,94,0,0
2022-02-21T14:23:52Z,97,2,95,0,0
2022-02-22T12:23:05Z,98,2,96,0,0
2022-02-23T00:31:10Z,99,2,97,0,0
2022-02-23T00:57:05Z,100,2,98,0,0
2022-02-25T01:03:31Z,101,2,99,0,0
2022-02-25T23:31:48Z,102,2,100,0,0
2022-02-26T08:32:04Z,103,2,101,0,0
2022-02-26T13:23:58Z,104,2,102,0,0
2022-02-28T12:53:57Z,105,2,103,0,0
2022-02-28T16:33:23Z,106,2,104,0,0
2022-03-01T19:05:06Z,107,2,105,0,0
2022-03-04T07:38:22Z,108,2,106,0,0
2022-03-05T00:39:12Z,109,2,107,0,0
2022-03-05T14:45:26Z,110,2,108,0,0
2022-03-08T10:06:47Z,111,2,109,0,0
2022-03-09T04:46:22Z,112,2,110,0,0
2022-03-09T07:03:12Z,113,2,111,0,0
2022-03-10T06:42:56Z,114,2,112,0,0
2022-03-10T22:54:50Z,115,2,113,0,0
2022-03-11T22:30:30Z,116,2,114,0,0
2022-03-11T23:02:32Z,117,2,115,0,0
2022-03-14T12:24:17Z,118,2,116,0,0
2022-03-16T09:36:16Z,119,2,117,0,0
2022-03-16T09:39:38Z,120,2,118,0,0
2022-03-19T13:14:17Z,121,2,119,0,0
2022-03-27T11:14:14Z,122,2,120,0,0
2022-03-27T11:51:13Z,123,2,121,0,0
2022-03-27T11:53:27Z,124,3,121,0,0
2022-03-27T13:42:36Z,125,3,122,0,0
2022-03-29T05:46:25Z,126,3,123,0,0
2022-03-30T00:57:16Z,127,3,124,0,0
2022-04-01T09:46:43Z,128,3,125,0,0
2022-04-02T05:31:27Z,129,3,126,0,0
2022-04-02T06:16:55Z,130,3,127,0,0
2022-04-10T14:23:54Z,131,3,128,0,0
2022-04-19T23:40:00Z,132,3,129,0,0
2022-04-20T05:02:54Z,133,3,130,0,0
2022-04-20T05:16:26Z,134,3,131,0,0
2022-04-20T08:15:03Z,135,3,132,0,0
2022-04-20T08:52:49Z,136,3,133,0,0
2022-04-20T09:11:46Z,137,3,134,0,0
2022-04-20T09:37:44Z,138,3,135,0,0
2022-04-20T18:31:13Z,139,3,136,0,0
2022-04-20T19:09:51Z,140,3,137,0,0
2022-04-21T12:53:22Z,141,3,138,0,0
2022-04-21T23:31:57Z,142,3,139,0,0
2022-04-22T14:08:39Z,143,3,140,0,0
2022-04-24T10:26:38Z,144,3,141,0,0
2022-04-25T12:54:30Z,145,3,142,0,0
2022-04-25T13:29:57Z,146,3,143,0,0
2022-04-26T08:13:32Z,147,3,144,0,0
2022-04-27T01:53:28Z,148,3,145,0,0
2022-04-27T06:08:13Z,149,3,146,0,0
2022-04-27T06:41:37Z,150,3,147,0,0
2022-04-27T07:05:42Z,151,3,148,0,0
2022-04-30T04:52:07Z,152,3,149,0,0
2022-04-30T09:58:56Z,153,4,149,0,0
2022-05-01T10:12:38Z,154,5,149,0,0
2022-05-01T11:12:01Z,155,5,150,0,0
2022-05-02T04:05:50Z,156,5,151,0,0
2022-05-02T11:56:16Z,157,5,152,0,0
2022-05-03T04:35:23Z,158,5,153,0,0
2022-05-04T22:40:41Z,159,5,154,0,0
2022-05-05T00:32:34Z,160,5,155,0,0
2022-05-05T06:53:33Z,161,5,156,0,0
2022-05-06T01:41:30Z,162,5,157,0,0
2022-05-06T07:18:09Z,163,5,158,0,0
2022-05-06T12:05:39Z,164,5,159,0,0
2022-05-07T22:31:54Z,165,6,159,0,0
2022-05-09T12:52:31Z,166,6,160,0,0
2022-05-10T02:40:52Z,167,6,161,0,0
2022-05-11T02:04:48Z,168,6,162,0,0
2022-05-11T13:38:53Z,169,6,163,0,0
2022-05-11T23:53:44Z,170,6,164,0,0
2022-05-12T06:14:10Z,171,6,165,0,0
2022-05-12T10:33:49Z,172,6,166,0,0
2022-05-12T21:05:51Z,173,7,166,0,0
2022-05-13T00:16:51Z,174,7,167,0,0
2022-05-13T03:39:08Z,175,7,168,0,0
2022-05-13T14:23:47Z,176,7,169,0,0
2022-05-14T01:00:45Z,177,7,170,0,0
2022-05-14T03:50:25Z,178,7,171,0,0
2022-05-14T06:24:51Z,179,7,172,0,0
2022-05-15T07:00:46Z,180,7,173,0,0
2022-05-15T20:58:06Z,181,7,174,0,0
2022-05-15T23:57:52Z,182,7,175,0,0
2022-05-16T07:29:35Z,183,7,176,0,0
2022-05-16T13:14:25Z,184,7,177,0,0
2022-05-16T13:16:42Z,185,7,178,0,0
2022-05-16T23:14:02Z,186,7,179,0,0
2022-05-18T00:03:01Z,187,7,180,0,0
2022-05-18T00:14:35Z,188,7,181,0,0
2022-05-18T00:45:39Z,189,7,182,0,0
2022-05-19T00:27:28Z,190,7,183,0,0
2022-05-19T02:20:34Z,191,7,184,0,0
2022-05-20T00:29:13Z,192,8,184,0,0
2022-05-20T08:37:48Z,193,8,185,0,0
2022-05-21T12:06:55Z,194,8,186,0,0
2022-05-21T12:32:09Z,195,8,187,0,0
2022-05-21T22:11:09Z,196,8,188,0,0
2022-05-21T22:51:04Z,197,8,189,0,0
2022-05-22T01:28:02Z,198,8,190,0,0
2022-05-24T14:16:44Z,199,8,191,0,0
2022-05-24T19:48:33Z,200,8,192,0,0
2022-05-24T20:53:55Z,201,8,193,0,0
2022-05-25T01:00:42Z,202,8,194,0,0
2022-05-25T15:32:52Z,203,8,195,0,0
2022-05-26T00:05:40Z,204,8,196,0,0
2022-05-26T04:21:56Z,205,8,197,0,0
2022-05-26T07:26:40Z,206,8,198,0,0
2022-05-26T07:35:46Z,207,8,199,0,0
2022-05-26T08:29:12Z,208,8,200,0,0
2022-05-27T08:10:49Z,209,8,201,0,0
2022-05-28T03:58:58Z,210,8,202,0,0
2022-05-30T08:32:55Z,211,8,203,0,0
2022-05-30T12:11:22Z,212,8,204,0,0
2022-05-30T12:58:23Z,213,8,205,0,0
2022-05-30T22:06:14Z,214,8,206,0,0
2022-05-31T10:42:34Z,215,8,207,0,0
2022-05-31T13:01:32Z,216,9,207,0,0
2022-06-01T20:59:48Z,217,9,208,0,0
2022-06-01T22:55:19Z,218,9,209,0,0
2022-06-02T01:25:24Z,219,9,210,0,0
2022-06-02T01:43:10Z,220,9,211,0,0
2022-06-03T01:20:42Z,221,9,212,0,0
2022-06-04T08:55:15Z,222,9,213,0,0
2022-06-04T13:09:15Z,223,9,214,0,0
2022-06-06T02:12:27Z,224,9,215,0,0
2022-06-07T02:35:18Z,225,9,216,0,0
2022-06-07T09:36:50Z,226,9,217,0,0
2022-06-08T19:26:49Z,227,9,218,0,0
2022-06-09T08:13:29Z,228,9,219,0,0
2022-06-09T20:25:41Z,229,9,220,0,0
2022-06-10T00:33:16Z,230,9,221,0,0
2022-06-10T02:12:12Z,231,9,222,0,0
2022-06-10T11:03:40Z,232,9,223,0,0
2022-06-10T21:07:09Z,233,9,224,0,0
2022-06-12T02:23:36Z,234,9,225,0,0
2022-06-13T00:24:08Z,235,9,226,0,0
2022-06-13T01:05:06Z,236,9,227,0,0
2022-06-17T03:17:17Z,237,9,228,0,0
2022-06-17T04:59:45Z,238,9,229,0,0
2022-06-17T16:42:59Z,239,9,230,0,0
2022-06-20T06:26:06Z,240,9,231,0,0
2022-06-25T00:30:08Z,241,9,232,0,0
2022-06-25T00:58:29Z,242,9,233,0,0
2022-06-30T21:28:26Z,243,9,234,0,0
2022-07-01T12:06:43Z,244,9,235,0,0
2022-07-02T06:08:32Z,245,9,236,0,0
2022-07-02T08:50:36Z,246,9,237,0,0
2022-07-02T13:29:19Z,247,9,238,0,0
2022-07-02T14:16:00Z,248,9,239,0,0
2022-07-06T01:56:38Z,249,9,240,0,0
2022-07-07T23:41:06Z,250,9,241,0,0
2022-07-07T23:54:25Z,251,9,242,0,0
2022-07-10T09:45:34Z,252,9,243,0,0
2022-07-10T14:46:15Z,253,9,244,0,0
2022-07-12T14:19:54Z,254,9,245,0,0
2022-07-12T22:20:48Z,255,9,246,0,0
2022-07-12T22:28:25Z,256,9,247,0,0
2022-07-12T23:23:21Z,257,9,248,0,0
2022-07-13T00:48:16Z,258,9,249,0,0
2022-07-13T11:43:48Z,259,9,250,0,0
2022-07-13T12:18:47Z,260,9,251,0,0
2022-07-14T02:29:58Z,261,9,252,0,0
2022-07-15T02:47:37Z,262,10,252,0,0
2022-07-15T02:58:46Z,263,11,252,0,0
2022-07-15T12:37:19Z,264,12,252,0,0
2022-07-15T22:11:58Z,265,12,253,0,0
2022-07-16T00:34:19Z,266,12,254,0,0
2022-07-16T00:58:01Z,267,12,255,0,0
2022-07-16T08:50:02Z,268,12,256,0,0
2022-07-16T08:52:15Z,269,12,257,0,0
2022-07-16T12:37:57Z,270,12,258,0,0
2022-07-16T13:16:33Z,271,12,259,0,0
2022-07-16T15:26:33Z,272,12,260,0,0
2022-07-16T23:39:55Z,273,12,261,0,0
2022-07-16T23:54:05Z,274,12,262,0,0
2022-07-17T00:50:27Z,275,12,263,0,0
2022-07-17T03:23:37Z,276,12,264,0,0
2022-07-17T10:14:25Z,277,12,265,0,0
2022-07-17T23:02:24Z,278,12,266,0,0
2022-07-17T23:05:58Z,279,12,267,0,0
2022-07-18T00:08:13Z,280,12,268,0,0
2022-07-18T00:36:51Z,281,12,269,0,0
2022-07-18T13:25:54Z,282,12,270,0,0
2022-07-22T23:54:16Z,283,12,271,0,0
2022-07-23T05:52:38Z,284,12,272,0,0
2022-07-24T02:01:28Z,285,12,273,0,0
2022-07-24T05:37:41Z,286,12,274,0,0
2022-07-24T09:11:04Z,287,12,275,0,0
2022-07-24T11:38:32Z,288,12,276,0,0
2022-07-27T09:41:21Z,289,13,276,0,0
2022-07-28T21:32:31Z,290,13,277,0,0
2022-07-28T22:20:31Z,291,13,278,0,0
2022-07-30T10:26:51Z,292,13,279,0,0
2022-07-30T21:58:17Z,293,13,280,0,0
2022-08-01T05:44:03Z,294,13,281,0,0
2022-08-01T22:54:16Z,295,13,282,0,0
2022-08-01T23:46:13Z,296,13,283,0,0
2022-08-03T02:01:06Z,297,13,284,0,0
2022-08-03T02:22:10Z,298,13,285,0,0
2022-08-03T02:28:31Z,299,13,286,0,0
2022-08-03T23:49:30Z,300,13,287,0,0
2022-08-04T21:40:15Z,301,13,288,0,0
2022-08-04T23:50:36Z,302,13,289,0,0
2022-08-09T01:26:53Z,303,13,290,0,0
2022-08-09T01:33:22Z,304,13,291,0,0
2022-08-09T01:45:34Z,305,13,292,0,0
2022-08-10T12:15:31Z,306,13,293,0,0
2022-08-12T02:21:24Z,307,13,294,0,0
2022-08-14T02:58:13Z,308,13,295,0,0
2022-08-14T23:44:29Z,309,13,296,0,0
2022-08-14T23:49:02Z,310,13,297,0,0
2022-08-15T01:24:22Z,311,13,298,0,0
2022-08-19T16:54:54Z,312,13,299,0,0
2022-08-23T02:49:49Z,313,13,300,0,0
2022-08-23T09:36:50Z,314,13,301,0,0
2022-08-24T08:24:45Z,315,13,302,0,0
2022-08-26T12:42:53Z,316,13,303,0,0
2022-08-26T12:45:02Z,317,14,303,0,0
2022-08-27T02:36:26Z,318,14,304,0,0
2022-08-27T14:54:03Z,319,14,305,0,0
2022-08-28T09:15:33Z,320,14,306,0,0
2022-08-29T08:40:17Z,321,14,307,0,0
2022-08-31T08:27:52Z,322,14,308,0,0
2022-09-01T13:23:37Z,323,14,309,0,0
2022-09-01T23:45:36Z,324,14,310,0,0
2022-09-02T12:38:47Z,325,14,311,0,0
2022-09-03T22:49:57Z,326,14,312,0,0
2022-09-05T08:34:43Z,327,14,313,0,0
2022-09-05T10:04:05Z,328,14,314,0,0
2022-09-06T00:24:56Z,329,14,315,0,0
2022-09-08T00:47:58Z,330,14,316,0,0
2022-09-08T18:50:56Z,331,15,316,0,0
2022-09-08T22:34:38Z,332,15,317,0,0
2022-09-10T08:07:59Z,333,15,318,0,0
2022-09-10T08:59:15Z,334,15,319,0,0
2022-09-12T12:56:14Z,335,15,320,0,0
2022-09-12T23:12:47Z,336,15,321,0,0
2022-09-13T10:50:39Z,337,15,322,0,0
2022-09-14T11:25:10Z,338,15,323,0,0
2022-09-14T14:06:29Z,339,15,324,0,0
2022-09-15T14:09:22Z,340,15,325,0,0
2022-09-15T14:18:38Z,341,15,326,0,0
2022-09-15T15:15:23Z,342,15,327,0,0
2022-09-15T21:08:36Z,343,15,328,0,0
2022-09-15T23:00:40Z,344,15,329,0,0
2022-09-18T14:07:21Z,345,15,330,0,0
2022-09-19T02:39:52Z,346,15,331,0,0
2022-09-19T03:20:14Z,347,15,332,0,0
2022-09-19T06:00:10Z,348,15,333,0,0
2022-09-19T09:31:31Z,349,15,334,0,0
2022-09-20T03:10:19Z,350,15,335,0,0
2022-09-20T09:50:29Z,351,15,336,0,0
2022-09-20T12:00:57Z,352,16,336,0,0
2022-09-20T12:07:00Z,353,16,337,0,0
2022-09-20T13:18:29Z,354,16,338,0,0
2022-09-20T19:36:30Z,355,17,338,0,0
2022-09-20T23:20:05Z,356,17,339,0,0
2022-09-21T14:03:34Z,357,17,340,0,0
2022-09-24T07:48:27Z,358,17,341,0,0
2022-09-25T15:19:45Z,359,17,342,0,0
2022-09-26T13:04:42Z,360,17,343,0,0
2022-09-26T13:25:15Z,361,17,344,0,0
2022-09-27T07:33:21Z,362,18,344,0,0
2022-09-27T11:01:04Z,363,18,345,0,0
2022-09-28T19:22:06Z,364,18,346,0,0
2022-09-30T01:12:58Z,365,18,347,0,0
2022-09-30T13:15:39Z,366,18,348,0,0
2022-09-30T17:18:10Z,367,18,349,0,0
2022-10-01T05:49:23Z,368,18,350,0,0
2022-10-02T04:03:54Z,369,18,351,0,0
2022-10-02T04:20:08Z,370,19,351,0,0
2022-10-02T07:04:15Z,371,19,352,0,0
2022-10-02T13:06:17Z,372,19,353,0,0
2022-10-03T23:59:30Z,373,19,354,0,0
2022-10-07T01:10:44Z,374,19,355,0,0
2022-10-09T01:00:45Z,375,19,356,0,0
2022-10-09T15:10:25Z,376,19,357,0,0
2022-10-09T15:22:56Z,377,19,358,0,0
2022-10-09T15:27:53Z,378,19,359,0,0
2022-10-10T23:39:43Z,379,19,360,0,0
2022-10-16T07:28:39Z,380,19,361,0,0
2022-10-16T15:14:07Z,381,20,361,0,0
2022-10-18T23:59:59Z,382,20,362,0,0
2022-10-19T07:12:25Z,383,20,363,0,0
2022-10-19T10:58:24Z,384,20,364,0,0
2022-10-19T11:23:03Z,385,20,365,0,0
2022-10-20T06:43:13Z,386,20,366,0,0
2022-10-20T07:17:29Z,387,20,367,0,0
2022-10-20T14:27:36Z,388,20,368,0,0
2022-10-22T12:33:23Z,389,20,369,0,0
2022-10-22T21:58:39Z,390,20,370,0,0
2022-10-23T01:05:30Z,391,20,371,0,0
2022-10-24T14:19:57Z,392,20,372,0,0
2022-10-24T14:54:26Z,393,20,373,0,0
2022-10-25T21:58:01Z,394,21,373,0,0
2022-10-27T02:26:08Z,395,21,374,0,0
2022-10-28T15:07:41Z,396,21,375,0,0
2022-10-29T04:32:15Z,397,21,376,0,0
2022-10-29T09:42:24Z,398,21,377,0,0
2022-10-29T13:29:34Z,399,21,378,0,0
2022-10-30T02:01:32Z,400,21,379,0,0
2022-10-31T13:11:31Z,401,21,380,0,0
2022-11-01T08:09:40Z,402,21,381,0,0
2022-11-01T12:38:14Z,403,21,382,0,0
2022-11-02T00:26:57Z,404,21,383,0,0
2022-11-02T10:38:54Z,405,21,384,0,0
2022-11-03T01:14:11Z,406,21,385,0,0
2022-11-03T02:37:22Z,407,21,386,0,0
2022-11-03T07:38:50Z,408,21,387,0,0
2022-11-05T10:00:55Z,409,21,388,0,0
2022-11-05T10:44:15Z,410,21,389,0,0
2022-11-06T00:29:09Z,411,21,390,0,0
2022-11-07T22:01:06Z,412,21,391,0,0
2022-11-10T09:22:39Z,413,21,392,0,0
2022-11-12T01:45:46Z,414,21,393,0,0
2022-11-13T22:37:29Z,415,21,394,0,0
2022-11-18T04:34:26Z,416,21,395,0,0
2022-11-20T05:22:02Z,417,21,396,0,0
2022-11-20T12:36:20Z,418,21,397,0,0
2022-11-21T14:54:37Z,419,21,398,0,0
2022-11-23T09:34:50Z,420,21,399,0,0
2022-11-26T05:49:09Z,421,21,400,0,0
2022-11-27T00:28:24Z,422,21,401,0,0
2022-11-27T23:53:30Z,423,21,402,0,0
2022-11-28T07:05:36Z,424,21,403,0,0
2022-11-29T04:46:39Z,425,22,403,0,0
2022-11-29T21:49:58Z,426,22,404,0,0
2022-11-29T23:29:14Z,427,22,405,0,0
2022-11-30T11:31:41Z,428,22,406,0,0
2022-11-30T20:08:05Z,429,22,407,0,0
2022-12-01T01:31:37Z,430,22,408,0,0
2022-12-01T03:49:17Z,431,22,409,0,0
2022-12-04T14:15:48Z,432,22,410,0,0
2022-12-07T15:51:09Z,433,22,411,0,0
2022-12-08T03:49:12Z,434,23,411,0,0
2022-12-08T04:51:32Z,435,23,412,0,0
2022-12-08T12:43:41Z,436,23,413,0,0
2022-12-08T18:45:54Z,437,23,414,0,0
2022-12-10T14:04:09Z,438,23,415,0,0
2022-12-11T02:02:59Z,439,23,416,0,0
2022-12-12T10:23:42Z,440,23,417,0,0
2022-12-13T08:21:05Z,441,23,418,0,0
2022-12-13T16:05:25Z,442,23,419,0,0
2022-12-13T16:37:09Z,443,23,420,0,0
2022-12-17T13:16:28Z,444,24,420,0,0
2022-12-18T07:40:51Z,445,24,421,0,0
2022-12-24T13:02:38Z,446,24,422,0,0
2022-12-24T18:59:49Z,447,25,422,0,0
2022-12-25T02:38:23Z,448,25,423,0,0
2022-12-27T09:45:47Z,449,25,424,0,0
2022-12-29T05:56:56Z,450,25,425,0,0
2022-12-30T00:01:04Z,451,25,426,0,0
2022-12-30T00:43:47Z,452,25,427,0,0
2022-12-30T00:54:08Z,453,25,428,0,0
2023-01-01T00:34:36Z,454,25,429,0,0
2023-01-02T05:33:15Z,455,25,430,0,0
2023-01-02T06:46:53Z,456,25,431,0,0
2023-01-02T09:30:46Z,457,25,432,0,0
2023-01-02T10:17:36Z,458,25,433,0,0
2023-01-02T23:13:05Z,459,25,434,0,0
2023-01-02T23:20:44Z,460,25,435,0,0
2023-01-03T00:06:14Z,461,25,436,0,0
2023-01-03T12:56:08Z,462,25,437,0,0
2023-01-03T21:19:10Z,463,25,438,0,0
2023-01-04T08:15:21Z,464,25,439,0,0
2023-01-04T14:57:05Z,465,25,440,0,0
2023-01-04T15:38:01Z,466,25,441,0,0
2023-01-05T22:26:58Z,467,25,442,0,0
2023-01-06T13:56:51Z,468,25,443,0,0
2023-01-06T15:53:09Z,469,25,444,0,0
2023-01-07T00:49:41Z,470,25,445,0,0
2023-01-07T09:46:11Z,471,25,446,0,0
2023-01-07T09:58:03Z,472,26,446,0,0
2023-01-08T02:45:09Z,473,26,447,0,0
2023-01-08T03:10:33Z,474,26,448,0,0
2023-01-08T09:44:12Z,475,26,449,0,0
2023-01-08T15:28:46Z,476,26,450,0,0
2023-01-10T12:19:53Z,477,26,451,0,0
2023-01-10T14:31:17Z,478,26,452,0,0
2023-01-15T03:53:10Z,479,26,453,0,0
2023-01-15T16:08:05Z,480,26,454,0,0
2023-01-16T15:41:34Z,481,26,455,0,0
2023-01-16T23:43:39Z,482,27,455,0,0
2023-01-17T09:26:43Z,483,27,456,0,0
2023-01-17T23:22:24Z,484,27,457,0,0
2023-01-18T00:24:16Z,485,27,458,0,0
2023-01-18T00:39:15Z,486,27,459,0,0
2023-01-18T00:57:48Z,487,27,460,0,0
2023-01-18T12:12:14Z,488,27,461,0,0
2023-01-18T12:47:10Z,489,27,462,0,0
2023-01-19T13:03:14Z,490,27,463,0,0
2023-01-20T15:18:10Z,491,28,463,0,0
2023-01-21T00:55:26Z,492,28,464,0,0
2023-01-21T01:48:07Z,493,28,465,0,0
2023-01-22T04:55:11Z,494,28,466,0,0
2023-01-22T06:05:28Z,495,28,467,0,0
2023-01-22T12:20:15Z,496,28,468,0,0
2023-01-22T14:22:51Z,497,28,469,0,0
2023-01-22T23:32:04Z,498,28,470,0,0
2023-01-23T23:51:58Z,499,28,471,0,0
2023-01-24T01:24:49Z,500,28,472,0,0
2023-01-27T15:48:16Z,501,28,473,0,0
2023-01-28T02:45:45Z,502,28,474,0,0
2023-01-29T02:07:09Z,503,28,475,0,0
2023-01-30T13:09:11Z,504,28,476,0,0
2023-01-31T00:22:50Z,505,29,476,0,0
2023-02-01T10:41:09Z,506,29,477,0,0
2023-02-01T13:07:23Z,507,29,478,0,0
2023-02-01T23:01:50Z,508,29,479,0,0
2023-02-01T23:06:33Z,509,29,480,0,0
2023-02-02T20:55:32Z,510,29,481,0,0
2023-02-02T22:11:35Z,511,29,482,0,0
2023-02-04T03:44:49Z,512,29,483,0,0
2023-02-05T21:50:05Z,513,29,484,0,0
2023-02-05T21:53:17Z,514,29,485,0,0
2023-02-06T22:53:41Z,515,30,485,0,0
2023-02-06T23:09:43Z,516,30,486,0,0
2023-02-06T23:51:48Z,517,30,487,0,0
2023-02-07T23:13:33Z,518,30,488,0,0
2023-02-08T14:07:19Z,519,30,489,0,0
2023-02-08T14:39:35Z,520,30,490,0,0
2023-02-08T22:24:15Z,521,30,491,0,0
2023-02-08T22:29:52Z,522,31,491,0,0
2023-02-09T10:51:22Z,523,31,492,0,0
2023-02-10T15:56:01Z,524,31,493,0,0
2023-02-10T16:17:06Z,525,31,494,0,0
2023-02-10T21:42:21Z,526,31,495,0,0
2023-02-11T06:10:24Z,527,31,496,0,0
2023-02-11T06:30:50Z,528,31,497,0,0
2023-02-11T09:00:34Z,529,31,498,0,0
2023-02-11T19:34:43Z,530,31,499,0,0
2023-02-12T07:18:19Z,531,31,500,0,0
2023-02-12T07:38:53Z,532,31,501,0,0
2023-02-12T22:22:46Z,533,31,502,0,0
2023-02-13T12:51:47Z,534,31,503,0,0
2023-02-13T14:03:16Z,535,31,504,0,0
2023-02-14T13:49:06Z,536,31,505,0,0
2023-02-14T22:01:39Z,537,31,506,0,0
2023-02-14T23:43:52Z,538,31,507,0,0
2023-02-16T07:07:15Z,539,31,508,0,0
2023-02-16T09:05:26Z,540,31,509,0,0
2023-02-16T14:13:34Z,541,31,510,0,0
2023-02-17T21:49:32Z,542,31,511,0,0
2023-02-17T22:42:11Z,543,31,512,0,0
2023-02-18T05:12:22Z,544,31,513,0,0
2023-02-18T12:33:51Z,545,31,514,0,0
2023-02-18T12:38:38Z,546,31,515,0,0
2023-02-19T05:43:23Z,547,31,516,0,0
2023-02-19T07:15:31Z,548,31,517,0,0
2023-02-22T10:25:02Z,549,31,518,0,0
2023-02-22T13:51:48Z,550,31,519,0,0
2023-02-22T15:38:17Z,551,31,520,0,0
2023-02-23T02:04:29Z,552,31,521,0,0
2023-02-24T16:50:56Z,553,31,522,0,0
2023-02-24T17:29:16Z,554,31,523,0,0
2023-02-24T17:47:01Z,555,31,524,0,0
2023-02-25T11:06:27Z,556,31,525,0,0
2023-02-25T12:50:58Z,557,32,525,0,0
2023-02-25T13:12:02Z,558,32,526,0,0
2023-02-26T01:10:44Z,559,32,527,0,0
2023-02-27T10:06:59Z,560,32,528,0,0
2023-02-27T10:39:00Z,561,32,529,0,0
2023-02-27T13:31:35Z,562,32,530,0,0
2023-03-01T00:10:05Z,563,33,530,0,0
2023-03-01T18:41:09Z,564,34,530,0,0
2023-03-02T01:46:51Z,565,34,531,0,0
2023-03-03T04:31:55Z,566,35,531,0,0
2023-03-03T06:57:34Z,567,35,532,0,0
2023-03-03T08:42:37Z,568,35,533,0,0
2023-03-05T14:21:43Z,569,35,534,0,0
2023-03-05T14:33:13Z,570,35,535,0,0
2023-03-05T20:38:28Z,571,36,535,0,0
2023-03-06T15:26:39Z,572,36,536,0,0
2023-03-07T23:13:30Z,573,36,537,0,0
2023-03-09T01:47:32Z,574,36,538,0,0
2023-03-09T14:44:53Z,575,36,539,0,0
2023-03-11T14:21:47Z,576,36,540,0,0
2023-03-11T15:24:00Z,577,36,541,0,0
2023-03-12T07:26:02Z,578,36,542,0,0
2023-03-13T10:44:29Z,579,36,543,0,0
2023-03-13T13:06:33Z,580,36,544,0,0
2023-03-13T13:10:07Z,581,36,545,0,0
2023-03-13T13:34:12Z,582,36,546,0,0
2023-03-13T23:14:47Z,583,36,547,0,0
2023-03-13T23:37:12Z,584,36,548,0,0
2023-03-14T11:11:29Z,585,36,549,0,0
2023-03-14T14:41:02Z,586,36,550,0,0
2023-03-14T15:50:28Z,587,36,551,0,0
2023-03-16T14:31:33Z,588,36,552,0,0
2023-03-16T21:04:48Z,589,36,553,0,0
2023-03-17T07:42:03Z,590,36,554,0,0
2023-03-19T03:00:20Z,591,36,555,0,0
2023-03-19T03:12:00Z,592,36,556,0,0
2023-03-19T03:39:10Z,593,36,557,0,0
2023-03-20T09:08:47Z,594,36,558,0,0
2023-03-20T14:21:20Z,595,37,558,0,0
2023-03-20T14:27:54Z,596,37,559,0,0
2023-03-22T23:10:06Z,597,38,559,0,0
2023-03-23T09:27:24Z,598,38,560,0,0
2023-03-24T15:34:46Z,599,38,561,0,0
2023-03-25T23:35:25Z,600,38,562,0,0
2023-03-26T13:09:00Z,601,38,563,0,0
2023-03-26T21:20:01Z,602,39,563,0,0
2023-03-27T09:41:38Z,603,39,564,0,0
2023-03-30T03:18:11Z,604,39,565,0,0
2023-03-30T15:23:17Z,605,39,566,0,0
2023-03-31T06:56:39Z,606,39,567,0,0
2023-03-31T09:16:03Z,607,39,568,0,0
2023-03-31T09:36:50Z,608,39,569,0,0
2023-04-04T08:27:15Z,609,39,570,0,0
2023-04-23T11:59:05Z,610,39,571,0,0
2023-04-23T13:48:24Z,611,39,572,0,0
2023-04-24T04:25:03Z,612,39,573,0,0
2023-04-24T23:45:19Z,613,40,573,0,0
2023-04-27T03:18:54Z,614,40,574,0,0
2023-04-27T20:32:44Z,615,40,575,0,0
2023-04-30T09:41:32Z,616,40,576,0,0
2023-04-30T12:14:56Z,617,40,577,0,0
2023-05-01T20:12:53Z,618,40,578,0,0
2023-05-02T07:23:54Z,619,40,579,0,0
2023-05-02T07:34:35Z,620,40,580,0,0
2023-05-02T09:42:34Z,621,40,581,0,0
2023-05-02T12:05:13Z,622,41,581,0,0
2023-05-02T12:10:10Z,623,41,582,0,0
2023-05-02T20:32:23Z,624,41,583,0,0
2023-05-03T14:03:29Z,625,41,584,0,0
2023-05-03T15:39:40Z,626,41,585,0,0
2023-05-05T01:38:15Z,627,41,586,0,0
2023-05-05T02:04:45Z,628,41,587,0,0
2023-05-06T14:33:16Z,629,42,587,0,0
2023-05-07T05:59:18Z,630,42,588,0,0
2023-05-07T06:21:52Z,631,42,589,0,0
2023-05-07T10:52:46Z,632,42,590,0,0
2023-05-08T08:23:01Z,633,42,591,0,0
2023-05-08T13:27:02Z,634,42,592,0,0
2023-05-09T13:19:24Z,635,42,593,0,0
2023-05-09T14:03:53Z,636,42,594,0,0
2023-05-09T20:42:17Z,637,42,595,0,0
2023-05-09T20:50:35Z,638,42,596,0,0
2023-05-10T20:51:32Z,639,43,596,0,0
2023-05-11T08:43:06Z,640,43,597,0,0
2023-05-11T11:48:36Z,641,43,598,0,0
2023-05-12T02:30:35Z,642,43,599,0,0
2023-05-13T03:17:40Z,643,43,600,0,0
2023-05-13T05:21:44Z,644,43,601,0,0
2023-05-14T03:46:12Z,645,43,602,0,0
2023-05-15T08:01:52Z,646,43,603,0,0
2023-05-15T14:44:10Z,647,43,604,0,0
2023-05-15T14:55:13Z,648,43,605,0,0
2023-05-17T06:54:28Z,649,43,606,0,0
2023-05-17T12:43:32Z,650,43,607,0,0
2023-05-17T21:27:28Z,651,44,607,0,0
2023-05-17T21:34:27Z,652,44,608,0,0
2023-05-18T05:11:28Z,653,44,609,0,0
2023-05-18T05:58:52Z,654,44,610,0,0
2023-05-18T06:17:51Z,655,44,611,0,0
2023-05-19T03:09:34Z,656,44,612,0,0
2023-05-20T06:25:56Z,657,44,613,0,0
2023-05-21T00:45:35Z,658,44,614,0,0
2023-05-22T01:38:13Z,659,44,615,0,0
2023-05-22T02:37:02Z,660,44,616,0,0
2023-05-24T07:04:04Z,661,44,617,0,0
2023-05-24T08:55:24Z,662,44,618,0,0
2023-05-27T16:45:28Z,663,44,619,0,0
2023-05-27T23:43:18Z,664,44,620,0,0
2023-05-29T11:22:36Z,665,44,621,0,0
2023-05-30T03:40:53Z,666,44,622,0,0
2023-05-30T12:09:12Z,667,45,622,0,0
2023-05-30T13:57:33Z,668,46,622,0,0
2023-05-31T00:24:18Z,669,47,622,0,0
2023-06-01T00:04:12Z,670,47,623,0,0
2023-06-01T11:33:33Z,671,47,624,0,0
2023-06-01T11:53:44Z,672,47,625,0,0
2023-06-01T13:03:21Z,673,47,626,0,0
2023-06-02T01:46:19Z,674,47,627,0,0
2023-06-02T13:19:54Z,675,47,628,0,0
2023-06-02T21:58:23Z,676,47,629,0,0
2023-06-02T23:39:01Z,677,47,630,0,0
2023-06-04T08:26:56Z,678,47,631,0,0
2023-06-05T08:40:19Z,679,47,632,0,0
2023-06-05T12:50:10Z,680,47,633,0,0
2023-06-06T03:01:35Z,681,47,634,0,0
2023-06-06T05:14:19Z,682,47,635,0,0
2023-06-06T12:49:44Z,683,47,636,0,0
2023-06-13T16:47:55Z,684,48,636,0,0
2023-06-16T17:34:41Z,685,49,636,0,0
2023-06-21T12:26:35Z,686,49,637,0,0
2023-06-21T16:18:58Z,687,49,638,0,0
2023-06-21T18:49:10Z,688,50,638,0,0
2023-06-22T03:27:04Z,689,50,639,0,0
2023-06-23T08:26:59Z,690,50,640,0,0
2023-06-23T15:50:45Z,691,51,640,0,0
2023-06-23T18:41:29Z,692,51,641,0,0
2023-06-26T08:08:15Z,693,51,642,0,0
2023-06-26T20:48:58Z,694,51,643,0,0
2023-06-27T09:10:24Z,695,51,644,0,0
2023-06-27T10:25:04Z,696,51,645,0,0
2023-06-29T09:42:07Z,697,51,646,0,0
2023-06-29T12:03:23Z,698,51,647,0,0
2023-06-29T14:11:04Z,699,51,648,0,0
2023-07-01T15:01:32Z,700,51,649,0,0
2023-07-01T17:50:32Z,701,51,650,0,0
2023-07-04T09:44:26Z,702,51,651,0,0
2023-07-07T03:20:28Z,703,51,652,0,0
2023-07-07T09:50:14Z,704,51,653,0,0
2023-07-09T12:20:08Z,705,51,654,0,0
2023-07-10T08:56:13Z,706,51,655,0,0
2023-07-12T08:35:44Z,707,51,656,0,0
2023-07-14T11:45:50Z,708,51,657,0,0
2023-07-14T14:29:12Z,709,51,658,0,0
2023-07-15T05:55:14Z,710,52,658,0,0
2023-07-15T07:48:05Z,711,52,659,0,0
2023-07-16T08:39:01Z,712,53,659,0,0
2023-07-18T03:46:24Z,713,53,660,0,0
2023-07-18T22:47:09Z,714,53,661,0,0
2023-07-19T02:06:23Z,715,53,662,0,0
2023-07-20T03:34:41Z,716,54,662,0,0
2023-07-20T08:36:51Z,717,54,663,0,0
2023-07-20T10:59:53Z,718,54,664,0,0
2023-07-23T06:59:51Z,719,54,665,0,0
2023-07-23T09:48:40Z,720,55,665,0,0
2023-07-24T16:01:45Z,721,55,666,0,0
2023-07-25T13:18:30Z,722,55,667,0,0
2023-07-26T09:48:09Z,723,55,668,0,0
2023-07-26T16:01:15Z,724,56,668,0,0
2023-07-26T23:32:04Z,725,56,669,0,0
2023-07-27T00:09:43Z,726,56,670,0,0
2023-07-27T03:11:26Z,727,56,671,0,0
2023-07-28T07:15:25Z,728,56,672,0,0
2023-07-28T08:45:33Z,729,56,673,0,0
2023-07-29T14:30:56Z,730,56,674,0,0
2023-07-31T06:55:50Z,731,56,675,0,0
2023-07-31T11:31:13Z,732,56,676,0,0
2023-08-02T02:27:59Z,733,56,677,0,0
2023-08-03T13:59:25Z,734,56,678,0,0
2023-08-03T15:05:12Z,735,56,679,0,0
2023-08-04T04:00:06Z,736,56,680,0,0
2023-08-04T06:08:47Z,737,56,681,0,0
2023-08-04T08:08:19Z,738,56,682,0,0
2023-08-04T16:11:08Z,739,56,683,0,0
2023-08-05T14:12:44Z,740,56,684,0,0
2023-08-05T14:28:51Z,741,56,685,0,0
2023-08-05T14:37:50Z,742,56,686,0,0
2023-08-07T12:22:05Z,743,56,687,0,0
2023-08-08T00:28:34Z,744,56,688,0,0
2023-08-08T04:41:53Z,745,56,689,0,0
2023-08-09T00:35:05Z,746,56,690,0,0
2023-08-09T01:24:38Z,747,56,691,0,0
2023-08-09T04:39:15Z,748,56,692,0,0
2023-08-09T05:10:38Z,749,56,693,0,0
2023-08-09T14:42:56Z,750,56,694,0,0
2023-08-10T00:34:38Z,751,56,695,0,0
2023-08-10T05:59:35Z,752,56,696,0,0
2023-08-10T15:31:51Z,753,57,696,0,0
2023-08-14T02:26:25Z,754,57,697,0,0
2023-08-14T08:54:24Z,755,57,698,0,0
2023-08-14T10:00:41Z,756,57,699,0,0
2023-08-14T13:29:03Z,757,57,700,0,0
2023-08-14T14:29:06Z,758,57,701,0,0
2023-08-14T15:02:19Z,759,57,702,0,0
2023-08-15T03:31:51Z,760,57,703,0,0
2023-08-15T06:37:41Z,761,57,704,0,0
2023-08-15T12:13:17Z,762,57,705,0,0
2023-08-15T14:55:27Z,763,57,706,0,0
2023-08-16T00:05:08Z,764,57,707,0,0
2023-08-16T03:09:10Z,765,57,708,0,0
2023-08-16T10:22:48Z,766,57,709,0,0
2023-08-16T11:13:07Z,767,57,710,0,0
2023-08-17T16:26:01Z,768,57,711,0,0
2023-08-18T07:06:13Z,769,57,712,0,0
2023-08-18T09:25:08Z,770,57,713,0,0
2023-08-19T07:43:40Z,771,57,714,0,0
2023-08-19T08:44:32Z,772,57,715,0,0
2023-08-19T09:11:52Z,773,57,716,0,0
2023-08-19T09:54:45Z,774,57,717,0,0
2023-08-19T12:33:58Z,775,57,718,0,0
2023-08-20T13:47:07Z,776,57,719,0,0
2023-08-20T15:07:44Z,777,57,720,0,0
2023-08-21T06:35:44Z,778,57,721,0,0
2023-08-22T10:37:59Z,779,58,721,0,0
2023-08-22T17:24:39Z,780,58,722,0,0
2023-08-22T17:39:16Z,781,58,723,0,0
2023-08-24T05:15:31Z,782,58,724,0,0
2023-08-24T07:10:12Z,783,58,725,0,0
2023-08-24T07:56:32Z,784,58,726,0,0
2023-08-24T14:45:45Z,785,59,726,0,0
2023-08-27T07:01:48Z,786,59,727,0,0
2023-08-27T07:23:47Z,787,59,728,0,0
2023-08-28T12:59:31Z,788,59,729,0,0
2023-08-29T04:49:45Z,789,59,730,0,0
2023-08-29T13:56:35Z,790,59,731,0,0
2023-08-29T22:34:55Z,791,59,732,0,0
2023-08-30T12:04:43Z,792,59,732,0,1
2023-08-30T22:11:53Z,793,59,733,0,1
2023-09-01T20:00:54Z,794,59,734,0,1
2023-09-03T01:21:28Z,795,59,735,0,1
2023-09-03T22:55:40Z,796,59,736,0,1
2023-09-04T01:28:43Z,797,59,737,0,1
2023-09-04T03:07:27Z,798,59,738,0,1
2023-09-04T05:47:17Z,799,60,738,0,1
2023-09-04T13:43:11Z,800,60,739,0,1
2023-09-04T16:09:54Z,801,60,740,0,1
2023-09-05T01:35:00Z,802,60,741,0,1
2023-09-05T07:28:10Z,803,60,742,0,1
2023-09-05T08:21:15Z,804,60,743,0,1
2023-09-05T09:09:57Z,805,60,744,0,1
2023-09-06T02:19:51Z,806,61,744,0,1
2023-09-07T02:06:52Z,807,61,745,0,1
2023-09-07T02:51:30Z,808,61,746,0,1
2023-09-08T08:58:23Z,809,61,747,0,1
2023-09-08T09:18:39Z,810,61,748,0,1
2023-09-08T13:19:05Z,811,61,749,0,1
2023-09-08T13:28:49Z,812,61,750,0,1
2023-09-08T16:25:06Z,813,61,751,0,1
2023-09-09T07:02:13Z,814,61,752,0,1
2023-09-10T12:23:36Z,815,62,752,0,1
2023-09-10T21:47:18Z,816,62,753,0,1
2023-09-10T23:34:14Z,817,62,754,0,1
2023-09-11T04:01:35Z,818,62,755,0,1
2023-09-11T23:22:07Z,819,62,756,0,1
2023-09-12T01:12:00Z,820,62,757,0,1
2023-09-12T10:55:43Z,821,63,757,0,1
2023-09-12T12:59:07Z,822,63,758,0,1
2023-09-12T23:52:19Z,823,63,759,0,1
2023-09-13T08:14:34Z,824,64,759,0,1
2023-09-13T08:50:12Z,825,64,760,0,1
2023-09-13T14:47:22Z,826,64,761,0,1
2023-09-13T23:49:10Z,827,64,762,0,1
2023-09-14T15:36:31Z,828,64,763,0,1
2023-09-15T08:22:18Z,829,64,764,0,1
2023-09-15T09:08:43Z,830,64,765,0,1
2023-09-16T09:19:02Z,831,64,766,0,1
2023-09-16T12:01:21Z,832,64,767,0,1
2023-09-16T12:52:32Z,833,64,768,0,1
2023-09-16T13:02:18Z,834,64,769,0,1
2023-09-16T13:43:12Z,835,64,770,0,1
2023-09-17T00:06:48Z,836,64,771,0,1
2023-09-17T13:04:53Z,837,64,772,0,1
2023-09-19T09:28:12Z,838,64,773,0,1
2023-09-20T03:30:41Z,839,64,774,0,1
2023-09-20T19:52:01Z,840,64,775,0,1
2023-09-21T01:15:25Z,841,65,775,0,1
2023-09-21T02:42:01Z,842,65,776,0,1
2023-09-21T21:28:34Z,843,65,777,0,1
2023-09-22T04:52:06Z,844,65,778,0,1
2023-09-23T14:38:25Z,845,65,779,0,1
2023-09-24T23:51:10Z,846,66,779,0,1
2023-09-25T10:12:37Z,847,66,780,0,1
2023-09-28T02:49:10Z,848,66,780,0,2
2023-09-28T12:06:38Z,849,67,780,0,2
2023-09-28T21:41:24Z,850,67,781,0,2
2023-09-29T02:10:20Z,851,67,782,0,2
2023-09-29T07:54:54Z,852,68,782,0,2
2023-09-29T22:26:19Z,853,69,782,0,2
2023-09-30T14:10:45Z,854,69,783,0,2
2023-10-03T08:20:47Z,855,69,784,0,2
2023-10-03T14:14:23Z,856,69,785,0,2
2023-10-04T14:07:53Z,857,69,786,0,2
2023-10-04T15:12:26Z,858,69,787,0,2
2023-10-04T15:51:34Z,859,69,788,0,2
2023-10-04T21:54:10Z,860,70,788,0,2
2023-10-05T20:07:47Z,861,70,789,0,2
2023-10-08T02:30:59Z,862,70,790,0,2
2023-10-08T14:03:41Z,863,71,790,0,2
2023-10-09T12:37:06Z,864,71,791,0,2
2023-10-09T15:22:10Z,865,71,792,0,2
2023-10-10T01:44:45Z,866,71,793,0,2
2023-10-10T14:44:43Z,867,71,794,0,2
2023-10-11T23:46:39Z,868,72,794,0,2
2023-10-12T08:43:29Z,869,72,795,0,2
2023-10-12T13:08:08Z,870,72,796,0,2
2023-10-12T23:57:22Z,871,72,797,0,2
2023-10-15T14:18:02Z,872,72,798,0,2
2023-10-16T00:26:02Z,873,73,798,0,2
2023-10-16T09:08:01Z,874,73,799,0,2
2023-10-16T09:46:37Z,875,73,800,0,2
2023-10-16T10:47:25Z,876,73,801,0,2
2023-10-16T10:54:02Z,877,73,802,0,2
2023-10-16T15:02:12Z,878,73,803,0,2
2023-10-16T21:33:54Z,879,73,804,0,2
2023-10-17T00:37:50Z,880,73,805,0,2
2023-10-18T00:15:35Z,881,73,806,0,2
2023-10-18T13:11:58Z,882,73,807,0,2
2023-10-18T13:25:50Z,883,73,808,0,2
2023-10-19T05:12:02Z,884,73,809,0,2
2023-10-19T05:25:01Z,885,73,810,0,2
2023-10-21T14:51:36Z,886,73,811,0,2
2023-10-22T10:56:19Z,887,73,812,0,2
2023-10-22T13:54:13Z,888,73,813,0,2
2023-10-22T16:48:54Z,889,73,814,0,2
2023-10-23T04:03:21Z,890,73,815,0,2
2023-10-23T07:29:33Z,891,73,816,0,2
2023-10-24T01:56:41Z,892,73,817,0,2
2023-10-24T10:20:53Z,893,73,818,0,2
2023-10-26T22:51:31Z,894,73,819,0,2
2023-10-26T23:23:48Z,895,73,820,0,2
2023-10-26T23:57:28Z,896,74,820,0,2
2023-10-27T07:34:14Z,897,74,821,0,2
2023-10-28T04:37:19Z,898,74,822,0,2
2023-10-28T11:14:39Z,899,75,822,0,2
2023-10-30T21:10:24Z,900,75,823,0,2
2023-10-31T09:33:27Z,901,75,824,0,2
2023-10-31T13:46:30Z,902,75,824,0,3
2023-11-01T13:45:51Z,903,75,825,0,3
2023-11-03T21:53:33Z,904,75,826,0,3
2023-11-04T01:41:52Z,905,76,826,0,3
2023-11-07T08:25:47Z,906,76,827,0,3
2023-11-07T09:11:20Z,907,76,828,0,3
2023-11-08T03:15:18Z,908,76,829,0,3
2023-11-08T09:22:03Z,909,76,830,0,3
2023-11-08T14:09:35Z,910,76,831,0,3
2023-11-08T15:30:49Z,911,76,832,0,3
2023-11-08T16:38:11Z,912,76,833,0,3
2023-11-08T20:11:27Z,913,76,834,0,3
2023-11-08T20:33:14Z,914,76,835,0,3
2023-11-09T06:36:14Z,915,76,836,0,3
2023-11-09T06:54:33Z,916,76,837,0,3
2023-11-09T17:00:21Z,917,76,838,0,3
2023-11-09T21:42:52Z,918,77,838,0,3
2023-11-11T09:51:22Z,919,77,839,0,3
2023-11-12T00:02:26Z,920,77,840,0,3
2023-11-12T09:16:42Z,921,77,840,0,4
2023-11-12T16:13:46Z,922,77,841,0,4
2023-11-12T23:44:10Z,923,78,841,0,4
2023-11-13T05:22:45Z,924,78,842,0,4
2023-11-14T10:25:47Z,925,78,843,0,4
2023-11-14T22:14:32Z,926,79,843,0,4
2023-11-15T07:01:53Z,927,80,843,0,4
2023-11-15T09:33:41Z,928,80,844,0,4
2023-11-15T09:44:45Z,929,80,845,0,4
2023-11-16T07:34:49Z,930,80,846,0,4
2023-11-16T10:09:04Z,931,80,847,0,4
2023-11-16T12:34:28Z,932,80,848,0,4
2023-11-16T19:44:06Z,933,80,849,0,4
2023-11-16T21:29:28Z,934,80,850,0,4
2023-11-17T04:47:28Z,935,80,851,0,4
2023-11-18T20:21:12Z,936,80,852,0,4
2023-11-18T21:34:26Z,937,81,852,0,4
2023-11-20T08:04:23Z,938,81,852,0,5
2023-11-20T22:40:25Z,939,81,853,0,5
2023-11-21T00:17:09Z,940,81,854,0,5
2023-11-21T08:11:18Z,941,81,855,0,5
2023-11-21T08:35:01Z,942,81,856,0,5
2023-11-22T23:19:05Z,943,81,857,0,5
2023-11-27T07:00:46Z,944,81,858,0,5
2023-11-28T07:14:08Z,945,81,859,0,5
2023-11-28T21:03:08Z,946,81,860,0,5
2023-11-29T03:10:27Z,947,81,861,0,5
2023-11-29T08:34:24Z,948,81,862,0,5
2023-11-29T08:34:24Z,949,81,863,0,5
2023-12-01T07:25:39Z,950,81,864,0,5
2023-12-01T13:02:37Z,951,81,865,0,5
2023-12-01T17:35:47Z,952,82,865,0,5
2023-12-01T20:12:40Z,953,82,866,0,5
2023-12-01T20:53:05Z,954,82,867,0,5
2023-12-01T21:07:58Z,955,82,868,0,5
2023-12-03T05:51:01Z,956,82,869,0,5
2023-12-03T09:39:21Z,957,82,870,0,5
2023-12-03T20:50:37Z,958,82,871,0,5
2023-12-04T00:45:07Z,959,82,872,0,5
2023-12-04T08:33:09Z,960,82,873,0,5
2023-12-04T13:12:23Z,961,82,874,0,5
2023-12-04T13:51:38Z,962,82,875,0,5
2023-12-05T09:17:24Z,963,82,875,0,6
2023-12-06T13:20:22Z,964,82,876,0,6
2023-12-06T13:53:12Z,965,82,877,0,6
2023-12-06T16:03:05Z,966,82,878,0,6
2023-12-09T07:08:36Z,967,82,879,0,6
2023-12-09T07:50:49Z,968,83,879,0,6
2023-12-09T13:07:05Z,969,83,880,0,6
2023-12-09T16:00:00Z,970,84,880,0,6
2023-12-10T17:12:13Z,971,85,880,0,6
2023-12-11T02:11:42Z,972,86,880,0,6
2023-12-11T09:35:43Z,973,86,880,0,7
2023-12-11T21:48:53Z,974,86,881,0,7
2023-12-12T03:58:21Z,975,86,882,0,7
2023-12-12T16:53:18Z,976,86,883,0,7
2023-12-13T07:18:47Z,977,86,884,0,7
2023-12-13T09:32:08Z,978,86,885,0,7
2023-12-13T10:27:48Z,979,86,886,0,7
2023-12-13T16:14:44Z,980,87,886,0,7
2023-12-14T07:42:58Z,981,87,887,0,7
2023-12-14T09:08:26Z,982,87,888,0,7
2023-12-14T12:24:12Z,983,87,889,0,7
2023-12-14T12:30:48Z,984,88,889,0,7
2023-12-14T22:50:45Z,985,88,890,0,7
2023-12-15T17:47:14Z,986,88,891,0,7
2023-12-16T01:55:17Z,987,88,892,0,7
2023-12-16T23:35:19Z,988,88,893,0,7
2023-12-17T12:19:55Z,989,88,894,0,7
2023-12-18T10:33:43Z,990,88,895,0,7
2023-12-18T11:34:54Z,991,88,896,0,7
2023-12-18T22:50:58Z,992,88,897,0,7
2023-12-21T13:34:03Z,993,88,898,0,7
2023-12-22T06:51:23Z,994,88,899,0,7
2023-12-23T07:44:14Z,995,88,900,0,7
2023-12-24T02:21:46Z,996,88,901,0,7
2023-12-24T04:10:41Z,997,88,902,0,7
2023-12-24T07:47:57Z,998,88,903,0,7
2023-12-24T10:13:08Z,999,88,904,0,7
2023-12-24T21:17:47Z,1000,89,904,0,7
2023-12-25T08:05:14Z,1001,90,904,0,7
2023-12-26T02:00:10Z,1002,90,905,0,7
2023-12-26T21:23:13Z,1003,90,906,0,7
2023-12-26T21:36:22Z,1004,90,907,0,7
2023-12-27T01:24:51Z,1005,90,908,0,7
2023-12-27T05:39:29Z,1006,90,909,0,7
2023-12-28T08:27:04Z,1007,91,909,0,7
2023-12-29T13:41:10Z,1008,91,910,0,7
2023-12-31T14:01:15Z,1009,91,911,0,7
2024-01-02T04:59:01Z,1010,91,912,0,7
2024-01-02T05:08:01Z,1011,92,912,0,7
2024-01-02T05:14:35Z,1012,92,913,0,7
2024-01-02T05:24:03Z,1013,93,913,0,7
2024-01-02T05:52:40Z,1014,94,913,0,7
2024-01-02T07:33:59Z,1015,95,913,0,7
2024-01-02T08:21:27Z,1016,95,914,0,7
2024-01-02T12:46:01Z,1017,95,915,0,7
2024-01-02T13:53:50Z,1018,95,916,0,7
2024-01-03T12:56:38Z,1019,95,917,0,7
2024-01-04T05:14:45Z,1020,95,918,0,7
2024-01-04T13:55:50Z,1021,96,918,0,7
2024-01-05T01:15:58Z,1022,96,919,0,7
2024-01-06T09:10:02Z,1023,96,920,0,7
2024-01-06T23:27:03Z,1024,97,920,0,7
2024-01-07T00:22:10Z,1025,97,921,0,7
2024-01-07T00:26:51Z,1026,98,921,0,7
2024-01-07T18:34:45Z,1027,99,921,0,7
2024-01-07T21:53:39Z,1028,99,922,0,7
2024-01-08T04:06:19Z,1029,99,923,0,7
2024-01-08T04:40:27Z,1030,99,924,0,7
2024-01-08T11:27:18Z,1031,99,925,0,7
2024-01-08T16:10:57Z,1032,99,926,0,7
2024-01-08T16:32:20Z,1033,99,927,0,7
2024-01-08T21:10:06Z,1034,99,928,0,7
2024-01-09T10:15:33Z,1035,99,929,0,7
2024-01-09T12:35:45Z,1036,100,929,0,7
2024-01-09T16:52:21Z,1037,100,930,0,7
2024-01-09T17:18:47Z,1038,100,931,0,7
2024-01-09T21:56:31Z,1039,100,932,0,7
2024-01-09T23:39:07Z,1040,100,933,0,7
2024-01-10T00:24:14Z,1041,100,934,0,7
2024-01-10T01:07:56Z,1042,100,935,0,7
2024-01-10T09:05:08Z,1043,100,936,0,7
2024-01-10T11:27:53Z,1044,100,937,0,7
2024-01-11T15:33:40Z,1045,100,938,0,7
2024-01-11T15:37:40Z,1046,100,938,0,8
2024-01-11T22:29:14Z,1047,100,939,0,8
2024-01-12T04:29:19Z,1048,100,940,0,8
2024-01-12T06:07:08Z,1049,100,941,0,8
2024-01-12T06:15:11Z,1050,100,942,0,8
2024-01-12T10:06:05Z,1051,101,942,0,8
2024-01-12T12:08:28Z,1052,102,942,0,8
2024-01-12T17:59:42Z,1053,102,943,0,8
2024-01-13T07:56:21Z,1054,102,944,0,8
2024-01-13T12:19:58Z,1055,102,945,0,8
2024-01-13T15:27:34Z,1056,102,946,0,8
2024-01-13T16:28:19Z,1057,102,947,0,8
2024-01-13T18:57:41Z,1058,102,948,0,8
2024-01-14T01:26:17Z,1059,102,949,0,8
2024-01-14T10:05:13Z,1060,102,950,0,8
2024-01-14T12:31:38Z,1061,103,950,0,8
2024-01-14T12:39:35Z,1062,104,950,0,8
2024-01-14T15:39:01Z,1063,105,950,0,8
2024-01-14T16:07:30Z,1064,105,951,0,8
2024-01-14T16:40:57Z,1065,106,951,0,8
2024-01-14T17:04:11Z,1066,106,952,0,8
2024-01-15T03:39:08Z,1067,106,953,0,8
2024-01-15T07:04:22Z,1068,106,954,0,8
2024-01-15T08:55:34Z,1069,106,955,0,8
2024-01-15T12:44:52Z,1070,106,956,0,8
2024-01-15T23:07:27Z,1071,106,957,0,8
2024-01-16T03:38:08Z,1072,106,958,0,8
2024-01-16T04:42:58Z,1073,106,959,0,8
2024-01-16T05:03:16Z,1074,106,960,0,8
2024-01-16T09:32:27Z,1075,106,961,0,8
2024-01-16T10:30:09Z,1076,106,962,0,8
2024-01-16T11:29:41Z,1077,106,963,0,8
2024-01-16T11:53:38Z,1078,106,964,0,8
2024-01-17T00:05:24Z,1079,106,965,0,8
2024-01-17T08:36:54Z,1080,106,966,0,8
2024-01-17T10:21:57Z,1081,106,967,0,8
2024-01-17T12:14:49Z,1082,106,968,0,8
2024-01-17T13:14:40Z,1083,106,969,0,8
2024-01-17T13:56:36Z,1084,106,970,0,8
2024-01-17T14:16:07Z,1085,106,971,0,8
2024-01-17T16:39:18Z,1086,106,972,0,8
2024-01-17T17:41:35Z,1087,106,973,0,8
2024-01-18T03:24:28Z,1088,106,974,0,8
2024-01-18T03:42:53Z,1089,107,974,0,8
2024-01-18T04:41:36Z,1090,107,975,0,8
2024-01-18T04:50:08Z,1091,107,976,0,8
2024-01-18T10:33:06Z,1092,107,977,0,8
2024-01-18T12:18:56Z,1093,107,978,0,8
2024-01-18T13:47:40Z,1094,107,979,0,8
2024-01-18T14:41:00Z,1095,107,980,0,8
2024-01-18T19:25:56Z,1096,107,981,0,8
2024-01-18T22:41:04Z,1097,107,982,0,8
2024-01-19T03:23:57Z,1098,107,983,0,8
2024-01-19T05:30:28Z,1099,107,984,0,8
2024-01-19T10:40:37Z,1100,107,985,0,8
2024-01-19T11:06:37Z,1101,108,985,0,8
2024-01-19T13:38:06Z,1102,108,986,0,8
2024-01-19T16:45:14Z,1103,108,987,0,8
2024-01-19T20:29:47Z,1104,108,988,0,8
2024-01-19T23:49:33Z,1105,108,989,0,8
2024-01-20T00:08:12Z,1106,108,990,0,8
2024-01-20T04:56:29Z,1107,109,990,0,8
2024-01-20T14:15:37Z,1108,109,991,0,8
2024-01-20T14:58:35Z,1109,109,992,0,8
2024-01-21T22:42:12Z,1110,109,993,0,8
2024-01-22T02:28:38Z,1111,109,994,0,8
2024-01-22T07:41:32Z,1112,109,995,0,8
2024-01-22T08:38:41Z,1113,109,996,0,8
2024-01-22T09:52:12Z,1114,109,997,0,8
2024-01-22T16:21:17Z,1115,109,998,0,8
2024-01-22T23:32:10Z,1116,109,999,0,8
2024-01-22T23:50:48Z,1117,109,1000,0,8
2024-01-23T20:51:03Z,1118,110,1000,0,8
2024-01-24T01:08:03Z,1119,110,1001,0,8
2024-01-24T01:23:17Z,1120,111,1001,0,8
2024-01-24T02:04:15Z,1121,111,1002,0,8
2024-01-24T04:00:20Z,1122,111,1003,0,8
2024-01-24T08:25:05Z,1123,112,1003,0,8
2024-01-24T12:31:01Z,1124,113,1003,0,8
2024-01-25T00:59:59Z,1125,113,1004,0,8
2024-01-25T12:32:41Z,1126,113,1005,0,8
2024-01-25T21:20:19Z,1127,113,1006,0,8
2024-01-26T06:49:21Z,1128,113,1007,0,8
2024-01-26T10:16:31Z,1129,113,1008,0,8
2024-01-26T15:19:42Z,1130,113,1009,0,8
2024-01-26T15:37:10Z,1131,113,1010,0,8
2024-01-26T15:46:37Z,1132,113,1011,0,8
2024-01-26T16:39:00Z,1133,113,1012,0,8
2024-01-26T18:11:42Z,1134,113,1013,0,8
2024-01-27T04:56:00Z,1135,113,1014,0,8
2024-01-27T20:18:19Z,1136,113,1015,0,8
2024-01-27T21:59:24Z,1137,113,1016,0,8
2024-01-28T11:40:06Z,1138,113,1017,0,8
2024-01-29T08:53:03Z,1139,114,1017,0,8
2024-01-29T12:13:36Z,1140,114,1018,0,8
2024-01-29T13:16:44Z,1141,114,1019,0,8
2024-01-29T14:35:58Z,1142,114,1020,0,8
2024-01-29T15:33:02Z,1143,114,1021,0,8
2024-01-30T13:22:29Z,1144,114,1022,0,8
2024-01-30T14:20:53Z,1145,114,1023,0,8
2024-01-30T23:13:47Z,1146,114,1024,0,8
2024-01-31T11:08:56Z,1147,114,1025,0,8
2024-02-01T21:19:39Z,1148,114,1026,0,8
2024-02-02T00:11:43Z,1149,114,1027,0,8
2024-02-02T00:46:49Z,1150,114,1028,0,8
2024-02-02T13:12:50Z,1151,114,1029,0,8
2024-02-02T22:52:52Z,1152,114,1030,0,8
2024-02-03T09:45:32Z,1153,114,1031,0,8
2024-02-03T11:30:57Z,1154,115,1031,0,8
2024-02-03T21:10:33Z,1155,115,1032,0,8
2024-02-03T22:01:07Z,1156,115,1033,0,8
2024-02-04T20:34:06Z,1157,115,1034,0,8
2024-02-04T21:19:00Z,1158,115,1035,0,8
2024-02-05T12:45:18Z,1159,115,1036,0,8
2024-02-05T23:24:11Z,1160,115,1037,0,8
2024-02-06T14:42:54Z,1161,115,1038,0,8
2024-02-07T03:53:09Z,1162,115,1039,0,8
2024-02-07T05:07:28Z,1163,115,1040,0,8
2024-02-07T12:48:36Z,1164,115,1041,0,8
2024-02-07T17:22:49Z,1165,115,1042,0,8
2024-02-07T17:58:15Z,1166,115,1043,0,8
2024-02-08T04:34:48Z,1167,116,1043,0,8
2024-02-08T23:29:19Z,1168,117,1043,0,8
2024-02-09T03:20:53Z,1169,118,1043,0,8
2024-02-09T03:28:47Z,1170,119,1043,0,8
2024-02-09T09:56:54Z,1171,119,1044,0,8
2024-02-09T12:32:47Z,1172,119,1045,0,8
2024-02-10T00:33:26Z,1173,119,1046,0,8
2024-02-10T00:40:42Z,1174,119,1047,0,8
2024-02-10T03:20:38Z,1175,119,1048,0,8
2024-02-10T22:06:10Z,1176,119,1049,0,8
2024-02-11T03:00:10Z,1177,119,1050,0,8
2024-02-11T17:45:28Z,1178,119,1051,0,8
2024-02-12T00:18:08Z,1179,119,1052,0,8
2024-02-12T01:23:55Z,1180,119,1053,0,8
2024-02-13T12:43:08Z,1181,119,1054,0,8
2024-02-14T08:42:25Z,1182,119,1055,0,8
2024-02-14T10:26:09Z,1183,119,1056,0,8
2024-02-15T03:43:07Z,1184,119,1057,0,8
2024-02-15T04:51:09Z,1185,120,1057,0,8
2024-02-15T09:04:30Z,1186,120,1058,0,8
2024-02-15T11:17:52Z,1187,121,1058,0,8
2024-02-15T15:59:53Z,1188,121,1059,0,8
2024-02-16T06:18:42Z,1189,121,1060,0,8
2024-02-16T17:48:18Z,1190,121,1061,0,8
2024-02-16T17:55:18Z,1191,121,1062,0,8
2024-02-17T02:42:37Z,1192,121,1063,0,8
2024-02-17T02:54:02Z,1193,121,1064,0,8
2024-02-17T06:06:14Z,1194,121,1065,0,8
2024-02-17T08:44:57Z,1195,121,1066,0,8
2024-02-17T09:11:02Z,1196,121,1067,0,8
2024-02-17T11:31:42Z,1197,121,1068,0,8
2024-02-17T13:11:10Z,1198,121,1069,0,8
2024-02-18T20:25:40Z,1199,121,1069,0,9
2024-02-18T23:27:43Z,1200,121,1070,0,9
2024-02-19T08:55:50Z,1201,121,1071,0,9
2024-02-20T10:00:58Z,1202,122,1071,0,9
2024-02-20T11:49:45Z,1203,122,1072,0,9
2024-02-21T18:11:03Z,1204,122,1073,0,9
2024-02-22T13:13:41Z,1205,122,1074,0,9
2024-02-23T05:55:59Z,1206,122,1075,0,9
2024-02-23T12:06:22Z,1207,122,1076,0,9
2024-02-23T13:14:45Z,1208,122,1077,0,9
2024-02-23T13:51:24Z,1209,122,1078,0,9
2024-02-23T18:55:03Z,1210,123,1078,0,9
2024-02-24T00:47:10Z,1211,123,1079,0,9
2024-02-24T04:17:42Z,1212,123,1080,0,9
2024-02-24T22:36:16Z,1213,123,1081,0,9
2024-02-25T06:05:29Z,1214,123,1082,0,9
2024-02-25T13:17:36Z,1215,123,1083,0,9
2024-02-25T15:42:34Z,1216,123,1084,0,9
2024-02-25T15:54:36Z,1217,123,1085,0,9
2024-02-25T19:39:42Z,1218,123,1086,0,9
2024-02-26T07:58:35Z,1219,123,1087,0,9
2024-02-26T11:22:17Z,1220,123,1088,0,9
2024-02-28T04:20:57Z,1221,123,1089,0,9
2024-02-28T11:06:18Z,1222,124,1089,0,9
2024-03-01T08:18:15Z,1223,124,1090,0,9
2024-03-03T05:12:30Z,1224,124,1091,0,9
2024-03-03T14:58:45Z,1225,125,1091,0,9
2024-03-03T20:44:58Z,1226,125,1092,0,9
2024-03-04T12:44:15Z,1227,125,1093,0,9
2024-03-05T18:31:39Z,1228,125,1094,0,9
2024-03-06T02:35:40Z,1229,125,1095,0,9
2024-03-06T22:50:29Z,1230,125,1096,0,9
2024-03-07T06:28:25Z,1231,125,1097,0,9
2024-03-07T07:48:52Z,1232,125,1098,0,9
2024-03-07T08:30:24Z,1233,125,1099,0,9
2024-03-07T12:28:59Z,1234,125,1100,0,9
2024-03-12T03:47:17Z,1235,125,1101,0,9
2024-03-12T22:36:49Z,1236,125,1102,0,9
2024-03-13T07:49:08Z,1237,125,1103,0,9
2024-03-13T10:10:47Z,1238,126,1103,0,9
2024-03-14T05:14:05Z,1239,126,1104,0,9
2024-03-14T07:15:49Z,1240,126,1105,0,9
2024-03-14T11:49:08Z,1241,126,1106,0,9
2024-03-15T18:09:34Z,1242,126,1107,0,9
2024-03-16T05:35:43Z,1243,126,1108,0,9
2024-03-16T11:05:42Z,1244,126,1109,0,9
2024-03-16T12:00:24Z,1245,126,1110,0,9
2024-03-16T12:36:45Z,1246,126,1111,0,9
2024-03-16T13:15:49Z,1247,126,1112,0,9
2024-03-16T13:45:58Z,1248,126,1113,0,9
2024-03-17T00:44:29Z,1249,126,1114,0,9
2024-03-17T12:14:58Z,1250,126,1115,0,9
2024-03-17T16:33:28Z,1251,127,1115,0,9
2024-03-17T17:28:07Z,1252,127,1116,0,9
2024-03-17T23:10:23Z,1253,127,1117,0,9
2024-03-18T08:30:46Z,1254,127,1118,0,9
2024-03-19T16:09:26Z,1255,127,1119,0,9
2024-03-19T16:45:26Z,1256,127,1120,0,9
2024-03-19T22:05:50Z,1257,127,1121,0,9
2024-03-20T01:36:09Z,1258,127,1122,0,9
2024-03-20T09:32:17Z,1259,127,1123,0,9
2024-03-20T09:48:05Z,1260,127,1124,0,9
2024-03-20T12:27:18Z,1261,127,1125,0,9
2024-03-20T23:00:28Z,1262,127,1126,0,9
2024-03-22T13:28:46Z,1263,128,1126,0,9
2024-03-23T10:45:08Z,1264,128,1127,0,9
2024-03-23T12:47:45Z,1265,128,1128,0,9
2024-03-25T00:42:29Z,1266,128,1129,0,9
2024-03-25T07:20:16Z,1267,128,1130,0,9
2024-03-25T09:03:35Z,1268,128,1131,0,9
2024-03-25T19:09:40Z,1269,128,1132,0,9
2024-03-26T00:40:19Z,1270,128,1133,0,9
2024-03-26T13:46:47Z,1271,128,1134,0,9
2024-03-27T04:07:58Z,1272,128,1135,0,9
2024-03-27T09:33:43Z,1273,128,1136,0,9
2024-03-27T21:17:12Z,1274,128,1137,0,9
2024-03-27T21:27:31Z,1275,128,1138,0,9
2024-03-28T01:40:11Z,1276,128,1139,0,9
2024-03-29T16:36:08Z,1277,128,1140,0,9
2024-03-31T08:42:38Z,1278,128,1141,0,9
2024-03-31T09:32:49Z,1279,128,1142,0,9
2024-03-31T13:28:09Z,1280,128,1143,0,9
2024-03-31T18:54:14Z,1281,128,1144,0,9
2024-03-31T19:21:36Z,1282,128,1145,0,9
2024-03-31T21:02:01Z,1283,128,1146,0,9
2024-03-31T21:43:14Z,1284,128,1147,0,9
2024-03-31T22:15:26Z,1285,128,1148,0,9
2024-04-02T10:43:32Z,1286,128,1149,0,9
2024-04-02T22:29:40Z,1287,128,1150,0,9
2024-04-03T12:15:34Z,1288,128,1151,0,9
2024-04-03T16:07:48Z,1289,128,1152,0,9
2024-04-05T07:36:00Z,1290,128,1153,0,9
2024-04-06T02:08:26Z,1291,128,1154,0,9
2024-04-08T13:12:36Z,1292,128,1155,0,9
2024-04-08T18:34:17Z,1293,128,1156,0,9
2024-04-09T07:36:06Z,1294,128,1157,0,9
2024-04-09T21:57:55Z,1295,128,1158,0,9
2024-04-11T06:41:12Z,1296,128,1159,0,9
2024-04-11T09:48:00Z,1297,128,1160,0,9
2024-04-11T22:09:35Z,1298,128,1161,0,9
2024-04-12T15:27:31Z,1299,128,1162,0,9
2024-04-13T00:42:15Z,1300,128,1163,0,9
2024-04-13T00:46:25Z,1301,128,1164,0,9
2024-04-13T00:52:17Z,1302,128,1165,0,9
2024-04-15T01:26:35Z,1303,128,1166,0,9
2024-04-15T18:55:03Z,1304,128,1167,0,9
2024-04-16T06:35:03Z,1305,128,1168,0,9
2024-04-16T09:09:05Z,1306,128,1169,0,9
2024-04-16T09:44:29Z,1307,128,1170,0,9
2024-04-17T15:39:50Z,1308,128,1171,0,9
2024-04-18T00:23:25Z,1309,128,1172,0,9
2024-04-18T00:52:38Z,1310,128,1173,0,9
2024-04-18T01:35:33Z,1311,128,1174,0,9
2024-04-18T22:36:18Z,1312,128,1175,0,9
2024-04-19T07:43:21Z,1313,128,1176,0,9
2024-04-23T08:06:57Z,1314,128,1176,0,10
2024-04-23T14:06:20Z,1315,128,1177,0,10
2024-04-23T17:33:28Z,1316,128,1178,0,10
2024-04-23T17:56:34Z,1317,128,1179,0,10
2024-04-24T11:51:41Z,1318,128,1180,0,10
2024-04-24T13:28:21Z,1319,128,1181,0,10
2024-04-26T12:36:02Z,1320,129,1181,0,10
2024-04-27T00:26:08Z,1321,129,1182,0,10
2024-04-29T04:30:30Z,1322,129,1183,0,10
2024-04-30T00:23:52Z,1323,129,1184,0,10
2024-04-30T10:44:01Z,1324,129,1185,0,10
2024-04-30T11:40:57Z,1325,129,1186,0,10
2024-04-30T20:21:37Z,1326,130,1186,0,10
2024-05-01T09:11:25Z,1327,130,1187,0,10
2024-05-01T12:21:25Z,1328,130,1188,0,10
2024-05-01T14:31:19Z,1329,130,1189,0,10
2024-05-01T15:51:59Z,1330,130,1190,0,10
2024-05-02T05:10:50Z,1331,130,1191,0,10
2024-05-02T16:48:38Z,1332,130,1192,0,10
2024-05-02T18:41:07Z,1333,130,1193,0,10
2024-05-03T00:44:35Z,1334,130,1194,0,10
2024-05-03T09:21:46Z,1335,130,1195,0,10
2024-05-04T08:05:38Z,1336,130,1196,0,10
2024-05-04T16:42:25Z,1337,130,1197,0,10
2024-05-04T17:33:10Z,1338,131,1197,0,10
2024-05-05T00:34:32Z,1339,131,1198,0,10
2024-05-05T06:11:27Z,1340,131,1199,0,10
2024-05-05T15:51:59Z,1341,132,1199,0,10
2024-05-06T02:06:35Z,1342,133,1199,0,10
2024-05-06T08:19:08Z,1343,133,1200,0,10
2024-05-06T09:02:06Z,1344,133,1201,0,10
2024-05-06T23:44:50Z,1345,133,1202,0,10
2024-05-07T21:46:26Z,1346,133,1203,0,10
2024-05-07T23:08:37Z,1347,134,1203,0,10
2024-05-08T05:19:07Z,1348,134,1204,0,10
2024-05-09T00:22:30Z,1349,134,1205,0,10
2024-05-09T03:26:41Z,1350,134,1206,0,10
2024-05-10T03:48:17Z,1351,134,1207,0,10
2024-05-10T20:09:10Z,1352,134,1208,0,10
2024-05-10T21:57:57Z,1353,134,1209,0,10
2024-05-11T07:30:11Z,1354,134,1210,0,10
2024-05-12T01:04:12Z,1355,134,1211,0,10
2024-05-12T03:06:29Z,1356,134,1212,0,10
2024-05-12T22:36:18Z,1357,134,1213,0,10
2024-05-13T04:42:58Z,1358,134,1214,0,10
2024-05-13T12:37:52Z,1359,134,1215,0,10
2024-05-13T13:17:34Z,1360,134,1216,0,10
2024-05-13T13:17:57Z,1361,134,1217,0,10
2024-05-15T03:34:03Z,1362,134,1218,0,10
2024-05-15T10:48:59Z,1363,135,1218,0,10
2024-05-15T12:26:49Z,1364,135,1219,0,10
2024-05-15T12:51:11Z,1365,135,1220,0,10
2024-05-15T23:06:19Z,1366,135,1221,0,10
2024-05-16T07:40:03Z,1367,135,1222,0,10
2024-05-16T08:02:57Z,1368,135,1223,0,10
2024-05-16T08:29:28Z,1369,135,1224,0,10
2024-05-16T23:47:50Z,1370,136,1224,0,10
2024-05-17T11:04:28Z,1371,136,1225,0,10
2024-05-17T14:43:09Z,1372,136,1226,0,10
2024-05-17T14:51:05Z,1373,136,1227,0,10
2024-05-17T15:53:01Z,1374,137,1227,0,10
2024-05-17T23:48:08Z,1375,137,1228,0,10
2024-05-17T23:57:53Z,1376,137,1229,0,10
2024-05-18T00:06:36Z,1377,137,1230,0,10
2024-05-18T02:44:37Z,1378,137,1231,0,10
2024-05-18T04:59:09Z,1379,137,1232,0,10
2024-05-18T04:59:51Z,1380,137,1233,0,10
2024-05-18T05:00:37Z,1381,137,1234,0,10
2024-05-18T05:01:10Z,1382,137,1235,0,10
2024-05-18T05:01:41Z,1383,137,1236,0,10
2024-05-18T05:02:52Z,1384,137,1237,0,10
2024-05-18T05:03:32Z,1385,137,1238,0,10
2024-05-18T05:05:38Z,1386,137,1239,0,10
2024-05-18T06:52:37Z,1387,138,1239,0,10
2024-05-18T10:02:27Z,1388,138,1240,0,10
2024-05-18T10:42:14Z,1389,138,1241,0,10
2024-05-18T12:59:08Z,1390,138,1242,0,10
2024-05-18T14:42:49Z,1391,138,1243,0,10
2024-05-20T08:29:58Z,1392,138,1243,0,11
2024-05-20T16:36:49Z,1393,138,1244,0,11
2024-05-20T23:53:07Z,1394,138,1245,0,11
2024-05-21T11:58:01Z,1395,138,1246,0,11
2024-05-22T02:53:22Z,1396,138,1247,0,11
2024-05-22T09:25:19Z,1397,138,1248,0,11
2024-05-22T14:53:32Z,1398,138,1249,0,11
2024-05-22T20:46:55Z,1399,138,1250,0,11
2024-05-23T00:43:09Z,1400,138,1251,0,11
2024-05-23T07:56:11Z,1401,138,1252,0,11
2024-05-23T14:18:00Z,1402,138,1253,0,11
2024-05-24T09:23:04Z,1403,138,1254,0,11
2024-05-24T11:14:07Z,1404,138,1255,0,11
2024-05-24T13:12:40Z,1405,138,1256,0,11
2024-05-25T01:37:09Z,1406,138,1257,0,11
2024-05-25T01:42:07Z,1407,138,1258,0,11
2024-05-25T06:55:21Z,1408,139,1258,0,11
2024-05-25T10:48:10Z,1409,139,1259,0,11
2024-05-25T10:48:27Z,1410,139,1260,0,11
2024-05-25T20:14:32Z,1411,139,1261,0,11
2024-05-25T20:16:05Z,1412,139,1262,0,11
2024-05-25T21:33:03Z,1413,139,1263,0,11
2024-05-26T03:09:12Z,1414,139,1264,0,11
2024-05-26T05:13:33Z,1415,139,1265,0,11
2024-05-26T09:58:48Z,1416,140,1265,0,11
2024-05-26T10:41:52Z,1417,141,1265,0,11
2024-05-26T11:14:30Z,1418,142,1265,0,11
2024-05-26T11:30:29Z,1419,143,1265,0,11
2024-05-26T11:50:22Z,1420,144,1265,0,11
2024-05-26T12:07:16Z,1421,145,1265,0,11
2024-05-26T14:04:37Z,1422,145,1266,0,11
2024-05-27T07:36:49Z,1423,145,1267,0,11
2024-05-27T08:03:12Z,1424,146,1267,0,11
2024-05-27T08:06:30Z,1425,147,1267,0,11
2024-05-27T08:10:09Z,1426,148,1267,0,11
2024-05-27T08:16:15Z,1427,148,1268,0,11
2024-05-27T08:19:21Z,1428,148,1268,0,12
2024-05-27T08:38:11Z,1429,149,1268,0,12
2024-05-27T08:41:37Z,1430,149,1269,0,12
2024-05-27T08:44:09Z,1431,149,1270,0,12
2024-05-27T08:50:06Z,1432,150,1270,0,12
2024-05-27T13:21:49Z,1433,150,1271,0,12
2024-05-27T23:46:26Z,1434,151,1271,0,12
2024-05-27T23:51:43Z,1435,152,1271,0,12
2024-05-28T00:05:30Z,1436,153,1271,0,12
2024-05-28T00:12:47Z,1437,154,1271,0,12
2024-05-28T00:39:26Z,1438,155,1271,0,12
2024-05-28T00:43:38Z,1439,156,1271,0,12
2024-05-28T00:47:41Z,1440,157,1271,0,12
2024-05-28T01:03:24Z,1441,158,1271,0,12
2024-05-28T01:21:44Z,1442,158,1272,0,12
2024-05-28T01:22:11Z,1443,159,1272,0,12
2024-05-28T01:27:59Z,1444,160,1272,0,12
2024-05-28T01:39:12Z,1445,160,1273,0,12
2024-05-28T03:03:07Z,1446,160,1274,0,12
2024-05-28T04:22:01Z,1447,160,1275,0,12
2024-05-28T04:33:39Z,1448,161,1275,0,12
2024-05-28T04:34:42Z,1449,161,1276,0,12
2024-05-28T05:48:34Z,1450,161,1277,0,12
2024-05-28T10:41:29Z,1451,161,1278,0,12
2024-05-28T10:59:34Z,1452,161,1279,0,12
2024-05-28T11:05:01Z,1453,161,1280,0,12
2024-05-28T14:39:55Z,1454,162,1280,0,12
2024-05-28T21:10:50Z,1455,162,1281,0,12
2024-05-28T23:42:03Z,1456,162,1282,0,12
2024-05-29T05:41:14Z,1457,162,1283,0,12
2024-05-29T05:46:34Z,1458,162,1284,0,12
2024-05-29T05:59:37Z,1459,162,1285,0,12
2024-05-29T07:31:28Z,1460,162,1286,0,12
2024-05-29T08:22:21Z,1461,162,1287,0,12
2024-05-29T08:29:38Z,1462,163,1287,0,12
2024-05-29T11:21:45Z,1463,163,1288,0,12
2024-05-29T16:37:53Z,1464,163,1289,0,12
2024-05-30T01:54:46Z,1465,163,1290,0,12
2024-05-30T02:39:53Z,1466,164,1290,0,12
2024-05-30T04:29:58Z,1467,164,1291,0,12
2024-05-30T04:58:13Z,1468,165,1291,0,12
2024-05-30T05:41:47Z,1469,165,1292,0,12
2024-05-30T10:28:31Z,1470,165,1293,0,12
2024-05-30T10:34:25Z,1471,165,1294,0,12
2024-05-30T13:23:13Z,1472,166,1294,0,12
2024-05-31T00:37:20Z,1473,166,1295,0,12
2024-05-31T02:44:41Z,1474,166,1296,0,12
2024-05-31T04:30:48Z,1475,166,1297,0,12
2024-05-31T04:35:06Z,1476,167,1297,0,12
2024-05-31T21:13:02Z,1477,167,1298,0,12
2024-05-31T22:12:17Z,1478,168,1298,0,12
2024-05-31T23:06:12Z,1479,168,1299,0,12
2024-06-02T09:46:31Z,1480,169,1299,0,12
2024-06-02T12:07:15Z,1481,169,1300,0,12
2024-06-02T13:39:37Z,1482,169,1301,0,12
2024-06-02T14:17:26Z,1483,169,1302,0,12
2024-06-02T14:26:23Z,1484,169,1303,0,12
2024-06-02T15:09:53Z,1485,169,1304,0,12
2024-06-02T15:28:19Z,1486,169,1305,0,12
2024-06-02T17:43:50Z,1487,169,1306,0,12
2024-06-03T12:06:37Z,1488,169,1307,0,12
2024-06-03T12:51:44Z,1489,169,1308,0,12
2024-06-03T23:46:42Z,1490,169,1309,0,12
2024-06-04T15:54:46Z,1491,169,1310,0,12
2024-06-05T20:01:20Z,1492,169,1311,0,12
2024-06-05T20:31:33Z,1493,169,1312,0,12
2024-06-05T21:06:46Z,1494,169,1313,0,12
2024-06-05T22:00:30Z,1495,170,1313,0,12
2024-06-06T05:28:26Z,1496,170,1314,0,12
2024-06-06T05:57:02Z,1497,170,1315,0,12
2024-06-06T06:55:17Z,1498,170,1316,0,12
2024-06-06T08:13:49Z,1499,170,1317,0,12
2024-06-06T08:33:26Z,1500,171,1317,0,12
2024-06-06T10:25:36Z,1501,171,1318,0,12
2024-06-06T12:02:56Z,1502,171,1319,0,12
2024-06-06T13:23:06Z,1503,171,1320,0,12
2024-06-06T13:41:45Z,1504,171,1321,0,12
2024-06-06T14:40:32Z,1505,171,1322,0,12
2024-06-07T00:03:56Z,1506,171,1323,0,12
2024-06-07T00:13:30Z,1507,171,1324,0,12
2024-06-07T12:49:54Z,1508,171,1324,0,13
2024-06-07T15:55:33Z,1509,171,1325,0,13
2024-06-07T17:24:28Z,1510,172,1325,0,13
2024-06-08T08:57:28Z,1511,172,1326,0,13
2024-06-08T12:17:37Z,1512,173,1326,0,13
2024-06-08T13:09:28Z,1513,173,1326,0,14
2024-06-09T05:57:09Z,1514,173,1327,0,14
2024-06-09T11:34:57Z,1515,173,1328,0,14
2024-06-09T12:07:07Z,1516,173,1329,0,14
2024-06-09T12:20:04Z,1517,173,1330,0,14
2024-06-09T12:37:27Z,1518,173,1331,0,14
2024-06-09T13:47:44Z,1519,173,1332,0,14
2024-06-09T23:15:24Z,1520,173,1333,0,14
2024-06-10T04:25:05Z,1521,173,1334,0,14
2024-06-10T20:36:03Z,1522,173,1335,0,14
2024-06-11T14:49:01Z,1523,173,1336,0,14
2024-06-11T21:01:48Z,1524,173,1337,0,14
2024-06-11T21:27:23Z,1525,173,1338,0,14
2024-06-12T00:15:40Z,1526,173,1339,0,14
2024-06-14T19:32:44Z,1527,173,1340,0,14
2024-06-15T00:48:56Z,1528,173,1340,0,15
2024-06-16T06:46:10Z,1529,174,1340,0,15
2024-06-17T10:49:06Z,1530,174,1341,0,15
2024-06-17T12:25:09Z,1531,174,1342,0,15
2024-06-18T06:00:06Z,1532,174,1343,0,15
2024-06-18T07:19:53Z,1533,174,1344,0,15
2024-06-20T01:58:15Z,1534,174,1345,0,15
2024-06-20T07:01:08Z,1535,174,1346,0,15
2024-06-20T09:30:46Z,1536,174,1347,0,15
2024-06-20T12:58:13Z,1537,174,1348,0,15
2024-06-21T06:41:44Z,1538,174,1349,0,15
2024-06-21T07:12:10Z,1539,175,1349,0,15
2024-06-21T07:32:03Z,1540,175,1350,0,15
2024-06-21T08:16:33Z,1541,176,1350,0,15
2024-06-21T08:17:21Z,1542,177,1350,0,15
2024-06-21T13:21:11Z,1543,177,1351,0,15
2024-06-21T14:26:17Z,1544,177,1351,0,16
2024-06-23T05:45:51Z,1545,177,1352,0,16
2024-06-23T12:50:19Z,1546,177,1352,0,17
2024-06-23T22:53:15Z,1547,177,1353,0,17
2024-06-24T13:44:13Z,1548,178,1353,0,17
2024-06-24T14:23:39Z,1549,178,1354,0,17
2024-06-25T14:21:51Z,1550,179,1354,0,17
2024-06-25T15:46:55Z,1551,180,1354,0,17
2024-06-25T23:44:21Z,1552,180,1355,0,17
2024-06-26T12:48:02Z,1553,181,1355,0,17
2024-06-26T20:21:58Z,1554,181,1356,0,17
2024-06-27T01:21:35Z,1555,181,1357,0,17
2024-06-27T03:16:33Z,1556,181,1358,0,17
2024-06-27T07:03:43Z,1557,181,1359,0,17
2024-06-27T08:11:02Z,1558,181,1360,0,17
2024-06-27T08:43:32Z,1559,181,1361,0,17
2024-06-27T13:45:10Z,1560,181,1362,0,17
2024-06-28T07:33:58Z,1561,181,1363,0,17
2024-06-29T08:17:56Z,1562,181,1364,0,17
2024-06-30T06:46:36Z,1563,181,1365,0,17
2024-06-30T12:09:54Z,1564,181,1366,0,17
2024-07-01T00:18:49Z,1565,181,1367,0,17
2024-07-01T01:00:31Z,1566,181,1368,0,17
2024-07-01T01:28:07Z,1567,181,1369,0,17
2024-07-01T11:25:54Z,1568,181,1370,0,17
2024-07-01T14:23:48Z,1569,181,1371,0,17
2024-07-01T15:07:32Z,1570,181,1372,0,17
2024-07-01T22:52:34Z,1571,182,1372,0,17
2024-07-02T00:15:46Z,1572,182,1373,0,17
2024-07-02T14:46:18Z,1573,182,1374,0,17
2024-07-03T14:00:59Z,1574,182,1375,0,17
2024-07-03T19:34:43Z,1575,182,1376,0,17
2024-07-04T07:35:21Z,1576,182,1377,0,17
2024-07-04T13:28:50Z,1577,182,1378,0,17
2024-07-04T14:59:22Z,1578,182,1378,0,18
2024-07-04T17:28:23Z,1579,182,1379,0,18
2024-07-05T05:50:38Z,1580,182,1380,0,18
2024-07-06T01:47:15Z,1581,182,1381,0,18
2024-07-06T06:57:16Z,1582,182,1382,0,18
2024-07-06T07:09:08Z,1583,182,1383,0,18
2024-07-06T10:14:09Z,1584,182,1384,0,18
2024-07-06T10:17:42Z,1585,182,1385,0,18
2024-07-07T11:10:59Z,1586,183,1385,0,18
2024-07-08T00:21:31Z,1587,183,1386,0,18
2024-07-08T13:56:19Z,1588,183,1387,0,18
2024-07-08T14:29:29Z,1589,183,1388,0,18
2024-07-08T15:09:46Z,1590,184,1388,0,18
2024-07-08T18:35:07Z,1591,184,1389,0,18
2024-07-09T11:38:38Z,1592,184,1390,0,18
2024-07-09T12:35:47Z,1593,184,1391,0,18
2024-07-10T02:51:14Z,1594,184,1392,0,18
2024-07-11T02:01:08Z,1595,185,1392,0,18
2024-07-11T09:17:34Z,1596,185,1393,0,18
2024-07-12T13:56:31Z,1597,185,1394,0,18
2024-07-13T04:17:24Z,1598,185,1395,0,18
2024-07-13T09:30:11Z,1599,186,1395,0,18
2024-07-14T05:08:00Z,1600,186,1396,0,18
2024-07-14T05:29:10Z,1601,187,1396,0,18
2024-07-14T11:22:30Z,1602,187,1397,0,18
2024-07-16T12:42:36Z,1603,187,1398,0,18
2024-07-16T12:48:33Z,1604,187,1399,0,18
2024-07-16T13:00:59Z,1605,187,1400,0,18
2024-07-16T13:51:21Z,1606,187,1401,0,18
2024-07-17T10:40:01Z,1607,188,1401,0,18
2024-07-18T07:57:46Z,1608,189,1401,0,18
2024-07-18T12:51:53Z,1609,189,1402,0,18
2024-07-19T06:35:27Z,1610,190,1402,0,18
2024-07-19T07:54:55Z,1611,190,1403,0,18
2024-07-19T11:17:59Z,1612,190,1404,0,18
2024-07-19T13:36:11Z,1613,190,1405,0,18
2024-07-19T19:21:57Z,1614,190,1406,0,18
2024-07-20T13:59:00Z,1615,190,1407,0,18
2024-07-21T12:46:45Z,1616,190,1408,0,18
2024-07-22T00:47:10Z,1617,190,1409,0,18
2024-07-22T02:30:13Z,1618,190,1410,0,18
2024-07-22T10:00:53Z,1619,190,1411,0,18
2024-07-22T14:51:24Z,1620,190,1412,0,18
2024-07-27T23:18:11Z,1621,190,1413,0,18
2024-07-28T07:37:23Z,1622,190,1414,0,18
2024-07-28T08:12:51Z,1623,190,1415,0,18
2024-07-28T16:06:51Z,1624,191,1415,0,18
2024-07-29T01:57:42Z,1625,191,1416,0,18
2024-07-29T04:32:03Z,1626,191,1417,0,18
2024-07-30T07:03:03Z,1627,191,1418,0,18
2024-07-31T11:15:16Z,1628,192,1418,0,18
2024-08-01T11:51:37Z,1629,192,1419,0,18
2024-08-02T13:55:46Z,1630,192,1420,0,18
2024-08-03T12:09:26Z,1631,192,1421,0,18
2024-08-03T12:41:55Z,1632,192,1422,0,18
2024-08-04T02:22:47Z,1633,192,1422,0,19
2024-08-07T03:51:47Z,1634,192,1423,0,19
2024-08-09T16:52:04Z,1635,192,1424,0,19
2024-08-10T01:20:10Z,1636,192,1425,0,19
2024-08-10T09:36:27Z,1637,192,1426,0,19
2024-08-14T21:50:32Z,1638,192,1427,0,19
2024-08-15T00:52:10Z,1639,192,1428,0,19
2024-08-15T14:10:08Z,1640,192,1429,0,19
2024-08-17T05:30:39Z,1641,192,1430,0,19
2024-08-17T15:54:41Z,1642,192,1431,0,19
2024-08-18T01:43:44Z,1643,192,1432,0,19
2024-08-18T06:19:44Z,1644,192,1432,0,20
2024-08-18T08:44:09Z,1645,192,1433,0,20
2024-08-18T10:02:35Z,1646,192,1433,0,21
2024-08-18T11:26:22Z,1647,192,1434,0,21
2024-08-19T03:32:32Z,1648,192,1434,0,22
2024-08-19T05:22:48Z,1649,192,1435,0,22
2024-08-19T13:42:13Z,1650,192,1436,0,22
2024-08-20T04:07:49Z,1651,192,1437,0,22
2024-08-20T04:12:47Z,1652,192,1438,0,22
2024-08-20T13:39:23Z,1653,192,1439,0,22
2024-08-21T01:40:08Z,1654,192,1440,0,22
2024-08-21T11:30:01Z,1655,192,1441,0,22
2024-08-21T11:39:00Z,1656,192,1442,0,22
2024-08-21T14:22:55Z,1657,192,1442,0,23
2024-08-22T05:54:29Z,1658,192,1443,0,23
2024-08-22T15:38:33Z,1659,193,1443,0,23
2024-08-23T05:51:04Z,1660,193,1444,0,23
2024-08-23T17:39:39Z,1661,193,1445,0,23
2024-08-24T13:28:56Z,1662,193,1446,0,23
2024-08-26T15:44:08Z,1663,193,1447,0,23
2024-08-27T13:53:22Z,1664,193,1448,0,23
2024-08-28T15:42:13Z,1665,193,1449,0,23
2024-08-29T12:41:00Z,1666,193,1450,0,23
2024-08-29T17:07:35Z,1667,193,1451,0,23
2024-08-29T19:24:46Z,1668,194,1451,0,23
2024-08-30T13:17:42Z,1669,194,1452,0,23
2024-08-30T14:25:05Z,1670,194,1453,0,23
2024-08-31T06:41:15Z,1671,194,1454,0,23
2024-08-31T07:29:49Z,1672,194,1455,0,23
2024-09-01T07:29:27Z,1673,194,1456,0,23
2024-09-01T08:39:13Z,1674,194,1457,0,23
2024-09-01T08:53:19Z,1675,194,1458,0,23
2024-09-01T10:34:30Z,1676,194,1459,0,23
2024-09-02T08:43:22Z,1677,194,1460,0,23
2024-09-02T18:23:17Z,1678,195,1460,0,23
2024-09-03T00:36:28Z,1679,195,1461,0,23
2024-09-03T13:17:37Z,1680,195,1462,0,23
2024-09-03T14:25:04Z,1681,195,1462,0,24
2024-09-03T15:42:10Z,1682,196,1462,0,24
2024-09-03T15:54:24Z,1683,197,1462,0,24
2024-09-03T16:01:25Z,1684,198,1462,0,24
2024-09-03T16:10:12Z,1685,198,1463,0,24
2024-09-03T16:18:55Z,1686,198,1464,0,24
2024-09-03T16:26:01Z,1687,198,1465,0,24
2024-09-03T16:54:42Z,1688,198,1466,0,24
2024-09-04T03:38:35Z,1689,199,1466,0,24
2024-09-04T06:21:05Z,1690,199,1467,0,24
2024-09-04T15:43:49Z,1691,200,1467,0,24
2024-09-04T15:59:40Z,1692,201,1467,0,24
2024-09-04T17:36:47Z,1693,202,1467,0,24
2024-09-06T12:55:01Z,1694,203,1467,0,24
2024-09-08T06:01:10Z,1695,203,1468,0,24
2024-09-08T07:01:45Z,1696,203,1469,0,24
2024-09-08T07:07:45Z,1697,204,1469,0,24
2024-09-08T08:02:54Z,1698,204,1470,0,24
2024-09-09T05:21:15Z,1699,204,1471,0,24
2024-09-09T15:13:24Z,1700,205,1471,0,24
2024-09-11T06:23:09Z,1701,205,1472,0,24
2024-09-11T12:51:02Z,1702,205,1473,0,24
2024-09-11T14:18:00Z,1703,205,1474,0,24
2024-09-14T13:21:49Z,1704,205,1475,0,24
2024-09-15T22:38:40Z,1705,205,1476,0,24
2024-09-16T05:59:51Z,1706,205,1477,0,24
2024-09-17T05:40:25Z,1707,205,1478,0,24
2024-09-17T07:54:30Z,1708,205,1479,0,24
2024-09-19T12:11:08Z,1709,205,1480,0,24
2024-09-20T03:24:10Z,1710,205,1481,0,24
2024-09-20T23:29:56Z,1711,205,1482,0,24
2024-09-22T00:14:43Z,1712,205,1483,0,24
2024-09-22T09:56:49Z,1713,205,1484,0,24
2024-09-22T10:37:43Z,1714,206,1484,0,24
2024-09-22T10:58:32Z,1715,206,1485,0,24
2024-09-22T11:14:21Z,1716,206,1486,0,24
2024-09-22T22:26:18Z,1717,206,1487,0,24
2024-09-23T06:49:54Z,1718,206,1488,0,24
2024-09-23T07:06:27Z,1719,206,1489,0,24
2024-09-24T11:36:04Z,1720,206,1490,0,24
2024-09-24T12:41:46Z,1721,206,1491,0,24
2024-09-26T05:10:54Z,1722,206,1492,0,24
2024-09-26T05:46:54Z,1723,207,1492,0,24
2024-09-27T05:35:55Z,1724,208,1492,0,24
2024-09-27T06:51:35Z,1725,208,1493,0,24
2024-09-28T10:17:01Z,1726,209,1493,0,24
2024-09-29T14:03:46Z,1727,209,1493,0,25
2024-09-30T05:00:07Z,1728,209,1494,0,25
2024-10-01T04:16:10Z,1729,209,1495,0,25
2024-10-01T05:32:48Z,1730,210,1495,0,25
2024-10-01T07:53:42Z,1731,210,1496,0,25
2024-10-05T09:02:01Z,1732,210,1497,0,25
2024-10-06T04:02:53Z,1733,210,1498,0,25
2024-10-08T14:56:30Z,1734,210,1499,0,25
2024-10-09T12:06:53Z,1735,210,1500,0,25
2024-10-11T07:42:33Z,1736,210,1501,0,25
2024-10-11T07:46:17Z,1737,210,1502,0,25
2024-10-11T10:07:14Z,1738,210,1503,0,25
2024-10-12T08:26:54Z,1739,210,1504,0,25
2024-10-12T10:54:01Z,1740,210,1505,0,25
2024-10-14T02:52:15Z,1741,210,1506,0,25
2024-10-14T09:18:29Z,1742,210,1507,0,25
2024-10-14T10:01:50Z,1743,210,1507,0,26
2024-10-15T08:45:42Z,1744,210,1508,0,26
2024-10-17T03:51:48Z,1745,210,1508,0,27
2024-10-18T06:05:56Z,1746,210,1509,0,27
2024-10-19T07:10:40Z,1747,210,1510,0,27
2024-10-19T13:18:28Z,1748,210,1511,0,27
2024-10-21T11:00:01Z,1749,210,1512,0,27
2024-10-21T20:10:08Z,1750,210,1513,0,27
2024-10-21T21:15:00Z,1751,210,1514,0,27
2024-10-22T11:03:22Z,1752,210,1515,0,27
2024-10-23T00:30:59Z,1753,210,1516,0,27
2024-10-24T15:58:58Z,1754,210,1517,0,27
2024-10-24T16:15:48Z,1755,211,1517,0,27
2024-10-24T16:28:00Z,1756,212,1517,0,27
2024-10-24T17:28:00Z,1757,212,1518,0,27
2024-10-26T01:08:43Z,1758,213,1518,0,27
2024-10-26T11:47:13Z,1759,213,1519,0,27
2024-10-27T03:20:55Z,1760,214,1519,0,27
2024-10-27T07:58:55Z,1761,214,1519,0,28
2024-10-27T08:16:17Z,1762,214,1520,0,28
2024-10-27T13:01:47Z,1763,214,1521,0,28
2024-10-27T13:05:18Z,1764,214,1522,0,28
2024-10-27T13:48:12Z,1765,214,1523,0,28
2024-10-28T01:25:50Z,1766,214,1524,0,28
2024-10-28T08:30:10Z,1767,214,1525,0,28
2024-10-28T11:50:52Z,1768,214,1526,0,28
2024-10-28T14:36:41Z,1769,214,1527,0,28
2024-10-29T01:22:06Z,1770,214,1528,0,28
2024-10-29T05:31:38Z,1771,214,1529,0,28
2024-10-29T11:05:15Z,1772,214,1530,0,28
2024-10-30T04:20:24Z,1773,214,1531,0,28
2024-10-30T04:43:36Z,1774,214,1532,0,28
2024-10-30T12:43:03Z,1775,214,1533,0,28
2024-10-31T02:16:59Z,1776,214,1534,0,28
2024-10-31T03:31:49Z,1777,214,1535,0,28
2024-10-31T05:32:26Z,1778,214,1536,0,28
2024-10-31T07:40:07Z,1779,214,1537,0,28
2024-10-31T10:46:17Z,1780,215,1537,0,28
2024-10-31T12:07:11Z,1781,215,1538,0,28
2024-10-31T13:29:36Z,1782,215,1539,0,28
2024-10-31T13:35:46Z,1783,215,1540,0,28
2024-10-31T14:23:27Z,1784,215,1541,0,28
2024-10-31T14:34:20Z,1785,215,1542,0,28
2024-10-31T15:29:29Z,1786,215,1543,0,28
2024-10-31T23:25:00Z,1787,215,1544,0,28
2024-11-01T00:12:48Z,1788,215,1545,0,28
2024-11-01T00:42:13Z,1789,215,1546,0,28
2024-11-01T03:15:55Z,1790,215,1547,0,28
2024-11-01T06:31:16Z,1791,215,1548,0,28
2024-11-01T12:55:21Z,1792,215,1549,0,28
2024-11-02T00:57:47Z,1793,216,1549,0,28
2024-11-02T11:25:48Z,1794,216,1550,0,28
2024-11-03T01:26:06Z,1795,216,1551,0,28
2024-11-03T17:53:31Z,1796,217,1551,0,28
2024-11-04T05:29:24Z,1797,217,1552,0,28
2024-11-04T05:46:21Z,1798,217,1553,0,28
2024-11-04T05:53:47Z,1799,217,1554,0,28
2024-11-05T14:39:39Z,1800,218,1554,0,28
2024-11-06T03:42:35Z,1801,218,1555,0,28
2024-11-06T05:22:44Z,1802,218,1556,0,28
2024-11-06T13:27:13Z,1803,218,1557,0,28
2024-11-06T13:53:48Z,1804,218,1558,0,28
2024-11-06T18:01:49Z,1805,218,1559,0,28
2024-11-07T06:25:53Z,1806,218,1560,0,28
2024-11-07T08:13:59Z,1807,219,1560,0,28
2024-11-08T06:31:32Z,1808,219,1561,0,28
2024-11-08T14:17:31Z,1809,219,1562,0,28
2024-11-09T04:56:34Z,1810,219,1563,0,28
2024-11-11T10:12:44Z,1811,219,1563,0,29
2024-11-12T04:23:17Z,1812,219,1564,0,29
2024-11-12T05:04:23Z,1813,219,1565,0,29
2024-11-13T05:56:36Z,1814,219,1566,0,29
2024-11-13T09:10:15Z,1815,219,1567,0,29
2024-11-13T13:31:32Z,1816,219,1568,0,29
2024-11-13T20:04:24Z,1817,219,1568,0,30
2024-11-14T19:05:11Z,1818,219,1569,0,30
2024-11-14T19:48:02Z,1819,220,1569,0,30
2024-11-14T20:00:02Z,1820,220,1570,0,30
2024-11-15T07:35:55Z,1821,220,1571,0,30
2024-11-18T06:41:12Z,1822,220,1572,0,30
2024-11-18T23:41:55Z,1823,220,1573,0,30
2024-11-18T23:43:44Z,1824,220,1574,0,30
2024-11-19T13:08:24Z,1825,220,1575,0,30
2024-11-19T22:14:24Z,1826,220,1576,0,30
2024-11-21T01:52:13Z,1827,220,1577,0,30
2024-11-21T06:34:17Z,1828,220,1578,0,30
2024-11-25T15:06:08Z,1829,220,1579,0,30
2024-11-25T15:42:23Z,1830,220,1580,0,30
2024-11-26T16:43:40Z,1831,220,1581,0,30
2024-11-28T02:45:11Z,1832,220,1581,0,31
2024-11-28T03:28:21Z,1833,220,1581,0,32
2024-11-29T10:41:36Z,1834,220,1581,0,33
2024-12-02T18:15:11Z,1835,220,1582,0,33
2024-12-03T16:49:27Z,1836,220,1583,0,33
2024-12-05T02:06:59Z,1837,221,1583,0,33
2024-12-05T04:45:11Z,1838,221,1583,0,34
2024-12-05T07:29:56Z,1839,221,1584,0,34
2024-12-05T22:35:59Z,1840,221,1585,0,34
2024-12-06T11:55:41Z,1841,222,1585,0,34
2024-12-06T23:48:16Z,1842,223,1585,0,34
2024-12-08T08:43:05Z,1843,223,1586,0,34
2024-12-11T09:44:51Z,1844,224,1586,0,34
2024-12-12T02:55:01Z,1845,224,1587,0,34
2024-12-13T06:56:44Z,1846,224,1588,0,34
2024-12-16T02:09:26Z,1847,225,1588,0,34
2024-12-19T14:08:48Z,1848,226,1588,0,34
2024-12-20T03:03:06Z,1849,227,1588,0,34
2024-12-22T01:30:08Z,1850,227,1589,0,34
2024-12-22T06:24:03Z,1851,227,1590,0,34
2024-12-24T11:25:56Z,1852,227,1591,0,34
2024-12-25T09:25:40Z,1853,227,1592,0,34
2024-12-25T10:29:18Z,1854,227,1593,0,34
2024-12-26T09:43:18Z,1855,227,1594,0,34
2024-12-26T13:22:22Z,1856,227,1594,0,35
2024-12-27T12:55:01Z,1857,227,1594,0,36
2024-12-29T10:51:25Z,1858,228,1594,0,36
2024-12-31T05:35:38Z,1859,228,1595,0,36
2024-12-31T06:22:59Z,1860,228,1596,0,36
2024-12-31T20:42:19Z,1861,228,1597,0,36
2025-01-04T13:22:08Z,1862,228,1598,0,36
2025-01-05T09:03:19Z,1863,228,1599,0,36
2025-01-08T23:31:11Z,1864,228,1600,0,36
2025-01-11T13:54:58Z,1865,229,1600,0,36
2025-01-12T02:30:59Z,1866,229,1601,0,36
2025-01-13T12:18:35Z,1867,229,1602,0,36
2025-01-13T17:15:46Z,1868,229,1603,0,36
2025-01-15T09:25:28Z,1869,229,1604,0,36
2025-01-15T12:43:25Z,1870,229,1605,0,36
2025-01-17T16:28:26Z,1871,229,1606,0,36
2025-01-18T10:18:32Z,1872,229,1607,0,36
2025-01-18T10:54:05Z,1873,229,1608,0,36
2025-01-21T02:08:28Z,1874,229,1608,0,37
2025-01-21T06:01:59Z,1875,229,1608,0,38
2025-01-21T20:34:13Z,1876,229,1609,0,38
2025-01-23T09:58:45Z,1877,229,1610,0,38
2025-01-25T05:46:42Z,1878,229,1611,0,38
2025-01-26T01:05:24Z,1879,229,1612,0,38
2025-01-26T20:27:38Z,1880,229,1613,0,38
2025-01-27T07:53:14Z,1881,229,1614,0,38
2025-01-27T10:53:58Z,1882,230,1614,0,38
2025-01-27T12:23:32Z,1883,230,1615,0,38
2025-01-31T05:33:04Z,1884,230,1616,0,38
2025-01-31T06:11:12Z,1885,230,1617,0,38
2025-02-01T06:45:47Z,1886,230,1618,0,38
2025-02-01T10:39:34Z,1887,230,1619,0,38
2025-02-01T23:46:06Z,1888,230,1620,0,38
2025-02-03T09:01:45Z,1889,230,1621,0,38
2025-02-03T11:54:42Z,1890,230,1621,0,39
2025-02-03T12:21:48Z,1891,231,1621,0,39
2025-02-04T00:21:11Z,1892,231,1622,0,39
2025-02-04T22:36:52Z,1893,231,1623,0,39
2025-02-07T01:05:10Z,1894,231,1624,0,39
2025-02-07T05:47:12Z,1895,231,1625,0,39
2025-02-07T09:14:04Z,1896,232,1625,0,39
2025-02-07T09:53:52Z,1897,233,1625,0,39
2025-02-07T09:58:38Z,1898,233,1626,0,39
2025-02-07T10:58:39Z,1899,233,1627,0,39
2025-02-09T16:49:47Z,1900,233,1628,0,39
2025-02-10T10:57:50Z,1901,233,1629,0,39
2025-02-12T02:18:26Z,1902,233,1630,0,39
2025-02-12T02:37:01Z,1903,233,1631,0,39
2025-02-16T02:54:24Z,1904,234,1631,0,39
2025-02-16T05:46:36Z,1905,234,1632,0,39
2025-02-17T00:38:33Z,1906,234,1633,0,39
2025-02-17T04:13:37Z,1907,234,1634,0,39
2025-02-17T05:15:43Z,1908,234,1635,0,39
2025-02-18T10:20:03Z,1909,234,1636,0,39
2025-02-19T02:44:48Z,1910,234,1637,0,39
2025-02-19T10:26:35Z,1911,234,1638,0,39
2025-02-20T09:27:21Z,1912,234,1639,0,39
2025-02-22T09:20:25Z,1913,234,1640,0,39
2025-02-22T19:12:04Z,1914,234,1641,0,39
2025-02-23T17:58:25Z,1915,235,1641,0,39
2025-02-24T15:36:48Z,1916,236,1641,0,39
2025-02-25T23:04:49Z,1917,236,1641,0,40
2025-02-27T14:34:01Z,1918,236,1642,0,40
2025-02-28T06:13:56Z,1919,236,1643,0,40
2025-03-02T19:48:29Z,1920,237,1643,0,40
2025-03-02T20:51:01Z,1921,238,1643,0,40
2025-03-04T06:39:22Z,1922,238,1643,0,41
2025-03-04T10:24:52Z,1923,238,1644,0,41
2025-03-04T19:55:56Z,1924,238,1645,0,41
2025-03-05T01:26:13Z,1925,238,1646,0,41
2025-03-15T08:33:44Z,1926,238,1647,0,41
2025-03-15T09:56:14Z,1927,239,1647,0,41
2025-03-16T09:16:43Z,1928,239,1648,0,41
2025-03-17T09:27:20Z,1929,239,1648,0,42
2025-03-18T09:59:49Z,1930,239,1649,0,42
2025-03-18T20:56:40Z,1931,239,1649,0,43
2025-03-22T23:49:01Z,1932,240,1649,0,43
2025-03-28T14:38:30Z,1933,241,1649,0,43
2025-03-29T04:43:26Z,1934,241,1650,0,43
2025-03-30T09:41:34Z,1935,241,1651,0,43
2025-03-31T13:17:11Z,1936,241,1652,0,43
2025-03-31T15:24:10Z,1937,241,1653,0,43
2025-04-01T08:52:50Z,1938,242,1653,0,43
2025-04-02T16:52:35Z,1939,243,1653,0,43
2025-04-03T14:16:58Z,1940,243,1654,0,43
2025-04-07T14:14:25Z,1941,243,1655,0,43
2025-04-07T21:36:56Z,1942,243,1656,0,43
2025-04-09T04:28:19Z,1943,243,1657,0,43
2025-04-13T21:08:43Z,1944,243,1658,0,43
2025-04-14T10:34:28Z,1945,243,1659,0,43
2025-04-14T13:26:19Z,1946,244,1659,0,43
2025-04-14T17:42:54Z,1947,244,1660,0,43
2025-04-15T00:19:38Z,1948,245,1660,0,43
2025-04-15T01:02:01Z,1949,246,1660,0,43
2025-04-15T06:19:09Z,1950,246,1661,0,43
2025-04-15T07:34:49Z,1951,246,1662,0,43
2025-04-15T13:15:18Z,1952,247,1662,0,43
2025-04-16T10:03:58Z,1953,247,1663,0,43
2025-04-20T08:01:26Z,1954,247,1664,0,43
2025-04-20T08:01:48Z,1955,248,1664,0,43
2025-04-20T14:27:14Z,1956,248,1665,0,43
2025-04-21T13:20:05Z,1957,248,1666,0,43
2025-04-24T13:25:00Z,1958,249,1666,0,43
2025-04-25T03:41:23Z,1959,249,1666,0,44
2025-04-25T09:02:19Z,1960,249,1667,0,44
2025-04-25T09:28:21Z,1961,249,1667,0,45
2025-04-28T04:11:48Z,1962,249,1668,0,45
2025-04-28T10:17:00Z,1963,250,1668,0,45
2025-05-02T19:58:46Z,1964,250,1669,0,45
2025-05-04T12:20:49Z,1965,251,1669,0,45
2025-05-07T20:03:34Z,1966,251,1670,0,45
2025-05-09T01:16:03Z,1967,251,1671,0,45
2025-05-13T23:05:26Z,1968,251,1672,0,45
2025-05-17T02:02:43Z,1969,251,1673,0,45
2025-05-18T08:56:12Z,1970,251,1674,0,45
2025-05-19T10:07:24Z,1971,251,1675,0,45
2025-05-21T22:33:44Z,1972,251,1676,0,45
2025-05-24T05:54:04Z,1973,252,1676,0,45
2025-05-24T06:26:52Z,1974,252,1677,0,45
2025-05-24T07:33:31Z,1975,252,1678,0,45
2025-05-26T02:06:59Z,1976,252,1678,0,46
2025-05-26T15:17:36Z,1977,253,1678,0,46
2025-05-27T15:55:18Z,1978,253,1679,0,46
2025-05-29T09:43:30Z,1979,253,1680,0,46
2025-05-30T11:19:19Z,1980,253,1681,0,46
2025-05-30T21:32:06Z,1981,253,1682,0,46
2025-05-31T12:26:25Z,1982,254,1682,0,46
2025-06-01T00:35:48Z,1983,254,1683,0,46
2025-06-02T11:32:14Z,1984,255,1683,0,46
2025-06-04T22:45:39Z,1985,255,1684,0,46
2025-06-06T23:56:46Z,1986,255,1685,0,46
2025-06-07T02:13:29Z,1987,255,1685,0,47
2025-06-07T08:14:19Z,1988,256,1685,0,47
2025-06-07T23:45:15Z,1989,256,1686,0,47
2025-06-10T11:16:13Z,1990,256,1687,0,47
2025-06-13T21:49:29Z,1991,256,1688,0,47
2025-06-14T01:31:59Z,1992,256,1689,0,47
2025-06-14T03:06:35Z,1993,256,1690,0,47
2025-06-14T07:43:15Z,1994,256,1691,0,47
2025-06-15T09:35:26Z,1995,257,1691,0,47
2025-06-15T10:57:01Z,1996,257,1692,0,47
2025-06-15T16:44:01Z,1997,257,1693,0,47
2025-06-15T19:48:05Z,1998,257,1694,0,47
2025-06-15T20:05:31Z,1999,258,1694,0,47
2025-06-15T20:10:25Z,2000,258,1695,0,47
2025-06-15T21:09:42Z,2001,259,1695,0,47
2025-06-15T21:53:49Z,2002,259,1696,0,47
2025-06-16T05:02:33Z,2003,259,1697,0,47
2025-06-16T22:40:44Z,2004,259,1698,0,47
2025-06-17T09:25:31Z,2005,259,1699,0,47
2025-06-18T18:16:52Z,2006,259,1700,0,47
2025-06-19T07:44:22Z,2007,259,1701,0,47
2025-06-19T13:58:35Z,2008,259,1702,0,47
2025-06-20T18:07:29Z,2009,259,1703,0,47
2025-06-20T23:22:05Z,2010,259,1704,0,47
2025-06-21T09:02:31Z,2011,259,1705,0,47
2025-06-21T12:08:03Z,2012,259,1706,0,47
2025-06-22T23:31:58Z,2013,259,1707,0,47
2025-06-23T10:44:42Z,2014,259,1708,0,47
2025-06-27T02:38:23Z,2015,259,1709,0,47
2025-06-27T05:40:15Z,2016,259,1710,0,47
2025-06-28T02:13:16Z,2017,259,1710,0,48
2025-06-29T01:07:47Z,2018,259,1711,0,48
2025-06-30T11:50:48Z,2019,259,1712,0,48
2025-07-01T06:29:50Z,2020,259,1713,0,48
2025-07-02T09:49:00Z,2021,259,1714,0,48
2025-07-02T22:40:35Z,2022,259,1715,0,48
2025-07-03T14:03:12Z,2023,259,1716,0,48
2025-07-11T18:48:09Z,2024,259,1717,0,48
2025-07-14T06:34:35Z,2025,259,1718,0,48
2025-07-15T08:06:54Z,2026,259,1718,0,49
2025-07-15T08:16:38Z,2027,259,1719,0,49
2025-07-19T23:13:48Z,2028,259,1719,0,50
2025-07-20T09:24:39Z,2029,259,1720,0,50
2025-07-21T07:20:41Z,2030,260,1720,0,50
2025-07-21T10:28:16Z,2031,260,1721,0,50
2025-07-23T03:51:15Z,2032,261,1721,0,50
2025-07-23T03:57:19Z,2033,261,1722,0,50
2025-07-23T04:35:31Z,2034,262,1722,0,50
2025-07-24T10:20:23Z,2035,262,1723,0,50
2025-07-25T07:14:38Z,2036,262,1724,0,50
2025-07-25T07:32:13Z,2037,262,1725,0,50
2025-07-25T11:21:52Z,2038,262,1726,0,50
2025-07-25T23:17:50Z,2039,262,1727,0,50
2025-07-27T01:52:00Z,2040,262,1728,0,50
2025-07-27T03:15:33Z,2041,262,1729,0,50
2025-07-27T10:44:25Z,2042,262,1730,0,50
2025-07-27T11:32:01Z,2043,263,1730,0,50
2025-07-27T11:35:11Z,2044,263,1731,0,50
2025-07-27T11:49:30Z,2045,263,1732,0,50
2025-07-28T07:21:23Z,2046,263,1733,0,50
2025-07-28T08:09:56Z,2047,263,1734,0,50
2025-07-29T22:05:39Z,2048,263,1735,0,50
2025-07-29T23:57:21Z,2049,263,1736,0,50
2025-07-30T00:09:04Z,2050,263,1737,0,50
2025-07-31T05:14:08Z,2051,263,1738,0,50
2025-07-31T07:35:28Z,2052,263,1739,0,50
2025-08-01T05:22:41Z,2053,263,1740,0,50
2025-08-01T12:19:30Z,2054,263,1741,0,50
2025-08-04T23:47:05Z,2055,264,1741,0,50
2025-08-07T11:47:02Z,2056,264,1742,0,50
2025-08-07T12:10:06Z,2057,264,1743,0,50
2025-08-07T22:57:50Z,2058,264,1744,0,50
2025-08-08T04:51:08Z,2059,264,1745,0,50
2025-08-10T07:34:20Z,2060,265,1745,0,50
2025-08-11T06:16:41Z,2061,265,1746,0,50
2025-08-13T10:00:29Z,2062,265,1747,0,50
2025-08-13T23:08:49Z,2063,265,1748,0,50
2025-08-14T17:22:49Z,2064,265,1749,0,50
2025-08-14T23:19:58Z,2065,266,1749,0,50
2025-08-20T04:37:31Z,2066,266,1750,0,50
2025-08-20T07:39:38Z,2067,266,1751,0,50
2025-08-21T22:24:52Z,2068,266,1752,0,50
2025-08-22T02:19:24Z,2069,266,1753,0,50
2025-08-22T02:41:14Z,2070,266,1754,0,50
2025-08-22T06:11:38Z,2071,266,1755,0,50
2025-08-23T10:22:32Z,2072,266,1756,0,50
2025-08-23T23:59:00Z,2073,266,1757,0,50
2025-08-26T14:29:12Z,2074,266,1758,0,50
2025-08-27T08:16:37Z,2075,266,1759,0,50
2025-08-27T13:20:55Z,2076,266,1760,0,50
2025-08-27T14:05:01Z,2077,267,1760,0,50
2025-08-31T18:40:03Z,2078,267,1760,0,51
2025-09-01T08:02:05Z,2079,267,1761,0,51
2025-09-01T08:19:30Z,2080,267,1762,0,51
2025-09-03T10:03:17Z,2081,267,1762,0,52
2025-09-03T11:25:25Z,2082,267,1762,0,53
2025-09-03T17:37:09Z,2083,267,1763,0,53
2025-09-03T22:28:33Z,2084,268,1763,0,53
2025-09-04T00:39:27Z,2085,268,1764,0,53
2025-09-04T10:30:14Z,2086,268,1765,0,53
2025-09-04T13:59:28Z,2087,268,1766,0,53
2025-09-08T09:30:37Z,2088,268,1767,0,53
2025-09-11T04:06:55Z,2089,268,1768,0,53
2025-09-12T01:45:26Z,2090,268,1769,0,53
2025-09-13T00:37:28Z,2091,268,1770,0,53
2025-09-16T01:23:40Z,2092,268,1770,0,54
2025-09-16T08:58:25Z,2093,268,1770,0,55
2025-09-20T06:44:47Z,2094,268,1771,0,55
2025-09-20T21:47:46Z,2095,268,1772,0,55
2025-09-23T01:06:40Z,2096,268,1773,0,55
2025-09-23T04:31:52Z,2097,268,1773,0,56
2025-09-23T08:09:29Z,2098,268,1773,0,57
2025-09-26T13:34:38Z,2099,268,1773,0,58
2025-09-27T03:22:08Z,2100,268,1773,0,59
2025-09-28T06:02:32Z,2101,268,1774,0,59
2025-10-02T20:26:52Z,2102,268,1775,0,59
2025-10-03T07:06:57Z,2103,268,1775,0,60
2025-10-06T07:03:07Z,2104,268,1776,0,60
2025-10-07T18:15:26Z,2105,268,1776,0,61
2025-10-08T14:41:27Z,2106,268,1776,0,62
2025-10-08T23:21:07Z,2107,269,1776,0,62